INSERT INTO districts (id, name) VALUES
  ('13221', 'AMBALA'),
  ('13223', 'BHIWANI'),
  ('13259', 'CHARKHI DADRI'),
  ('13265', 'DABWALI'),
  ('13225', 'FARIDABAD'),
  ('13256', 'FATEHABAD'),
  ('13226', 'GRP AMBALA CANTT'),
  ('13227', 'GURUGRAM'),
  ('13261', 'HANSI'),
  ('13264', 'Haryana State Enforcement Bureau (HSEnB)'),
  ('13241', 'HARYANA STATE NARCOTICS CONTROL BUREAU,MADHUBAN KARNAL'),
  ('13229', 'HISAR'),
  ('13257', 'JHAJJAR'),
  ('13230', 'JIND'),
  ('13228', 'KAITHAL'),
  ('13231', 'KARNAL'),
  ('13232', 'KURUKSHETRA'),
  ('13233', 'MAHENDERGARH'),
  ('13258', 'NUH'),
  ('13260', 'PALWAL'),
  ('13235', 'PANCHKULA'),
  ('13234', 'PANIPAT'),
  ('13236', 'REWARI'),
  ('13237', 'ROHTAK'),
  ('13238', 'SIRSA'),
  ('13239', 'SONIPAT'),
  ('13262', 'State Crime Branch'),
  ('13240', 'YAMUNA NAGAR') ON CONFLICT (id) DO UPDATE SET name = EXCLUDED.name;

INSERT INTO offices (id, name) VALUES
  ('13228055', 'Cyber Crime Police Station Kaithal'),
  ('13222002', 'ACB, Ambala'),
  ('13222026', 'ACB, Faridabad'),
  ('13222010', 'ACB, Gurugram'),
  ('13222014', 'ACB, Hisar'),
  ('13222021', 'ACB, Karnal'),
  ('13222023', 'ACB, Panchkula'),
  ('13222025', 'ACB, Rohtak'),
  ('5000004603', 'acp'),
  ('132570514', 'ACP  JHAJJAR 1'),
  ('132570515', 'ACP  JHAJJAR 2'),
  ('132570516', 'ACP  JHAJJAR 3'),
  ('132210502', 'ACP AMBALA-2'),
  ('5000004608', 'ACP AMBALA-3'),
  ('5000001581', 'ACP B.GARH'),
  ('132570505', 'ACP Badli'),
  ('5000001583', 'ACP BADSHAHPUR, GURUGRAM'),
  ('132250509', 'ACP BALLABHGARH 2 FARIDABAD'),
  ('132570508', 'ACP Beri & ACP Crime -I'),
  ('132570511', 'ACP CAW JJR'),
  ('132270524', 'ACP CAW West Gurugram'),
  ('5000001584', 'ACP CENTRAL'),
  ('132250508', 'ACP CENTRAL-2 FARIDABAD'),
  ('5000001585', 'ACP CITY'),
  ('5000004604', 'ACP City'),
  ('5000004605', 'ACP CITY'),
  ('132390519', 'ACP CITY 1 SPT'),
  ('132390520', 'ACP CITY 2 SPT'),
  ('132570507', 'ACP City JJR & ACP Crime-II'),
  ('132350502', 'ACP City Panchkula'),
  ('5000004607', 'ACP CRIME'),
  ('132250504', 'ACP Crime Faridabad'),
  ('132270503', 'ACP Crime -I Gurgaon'),
  ('132350503', 'ACP Crime Panchkula'),
  ('132390511', 'ACP CRIME SPT'),
  ('132270519', 'ACP Crime-2, Gurugram'),
  ('132390509', 'ACP CYBER CRIME SPT'),
  ('13227501', 'ACP Cyber GGM'),
  ('5000001586', 'ACP DLF'),
  ('132270523', 'ACP East Gurugram'),
  ('132270525', 'ACP EOW GURUGRAM'),
  ('132390517', 'ACP GANAUR SPT'),
  ('132390521', 'ACP GOHANA 1 SPT'),
  ('132390522', 'ACP GOHANA 2  SPT'),
  ('132570506', 'ACP Headquarters JJR'),
  ('132210505', 'ACP HQ AMBALA'),
  ('132250503', 'ACP HQ Faridabad'),
  ('132270510', 'ACP HQ Gurgaon'),
  ('5000001587', 'ACP HQ PKL'),
  ('132390507', 'ACP HQ SPT'),
  ('132570512', 'ACP Jhajjar'),
  ('5000001588', 'ACP KALKA'),
  ('132390518', 'ACP KHARKHODA SPT'),
  ('132350504', 'ACP Law & Order Panchkula'),
  ('132270502', 'ACP Manesar Gurgaon'),
  ('5000001589', 'ACP MUJJESAR'),
  ('132390516', 'ACP MURTHAL SPT'),
  ('132390510', 'ACP NDPS SPT'),
  ('132270522', 'ACP NEW COLONY, GURUGRAM'),
  ('5000001591', 'ACP NIT'),
  ('132250506', 'ACP NIT-2'),
  ('132270521', 'ACP Palam Vihar Gurugram'),
  ('5000001592', 'ACP PATAUDI'),
  ('5000001593', 'ACP PKL'),
  ('132390515', 'ACP RAI SPT'),
  ('132390512', 'ACP ROAD SAFETY SPT'),
  ('5000001594', 'ACP SADAR'),
  ('132570517', 'ACP SAHLAWAS Jhajjar'),
  ('5000001595', 'ACP SARAI KHAWAJA'),
  ('132390514', 'ACP SECURITY SPT'),
  ('132270501', 'ACP Sohna Gurgaon'),
  ('132270518', 'ACP South, Gurugram'),
  ('5000001596', 'ACP TIGAON'),
  ('5000001597', 'ACP TRAFFIC'),
  ('5000001598', 'ACP TRAFFIC'),
  ('132570510', 'ACP Traffic'),
  ('132390523', 'ACP TRAFFIC GHN SPT'),
  ('132270509', 'ACP Traffic Highway Gurgaon'),
  ('132350505', 'ACP Traffic Panchkula'),
  ('5000004606', 'ACP TRAFFIC PKL'),
  ('132390513', 'ACP TRAFFIC SPT'),
  ('132250501', 'ACP Traffic-I Faridabad'),
  ('132270505', 'ACP Traffic-I Gurgaon'),
  ('132250502', 'ACP Traffic-II Faridabad'),
  ('132270506', 'ACP Traffic-II Gurgaon'),
  ('132270507', 'ACP Traffic-III Gurgaon'),
  ('132270508', 'ACP Traffic-IV Gurgaon'),
  ('5000001599', 'ACP UDYOG'),
  ('132270520', 'ACP West, Gurugram'),
  ('132250507', 'ACP Women Police Station, Faridabad'),
  ('132270511', 'ACP Women Police Station, Gurgaon'),
  ('132350506', 'ACP Women Police Station, Panchkula'),
  ('132390508', 'ACP WOMEN SAFETY  SPT'),
  ('132570509', 'ACP-I Bahadurgarh'),
  ('132570513', 'ACP-II Bahadurgarh'),
  ('13229003', 'ADAMPUR'),
  ('13225097', 'ADARSH NAGAR'),
  ('132310406', 'Additional Superintendent of Police Karnal'),
  ('132320402', 'Additional Superintendent of Police, Kurukshetra'),
  ('132330402', 'Additional Superintendent of Police, Mahendergarh'),
  ('132603004', 'Additional Superintendent of Police, Palwal'),
  ('132360402', 'Additional Superintendent of Police, Rewari'),
  ('132370406', 'Additional Superintendent of Police, Rohtak'),
  ('132290403', 'Additional Superintendent of Police,Hisar'),
  ('132210503', 'Addl. SP AMBALA'),
  ('132380502', 'Addl. SP Sirsa, Sirsa'),
  ('5000004610', 'Addl. SP Sirsa, Sirsa'),
  ('132400411', 'Addl. SP Yamunanagar'),
  ('5000001600', 'ADDL. SP.'),
  ('130317', 'ADGP,Cyber Crime,Haryana,Panchkula'),
  ('13229005', 'AGROHA'),
  ('13230003', 'ALEWA'),
  ('13820001', 'AMBALA'),
  ('132211301', 'AMBALA - CRIME CELL'),
  ('132211401', 'AMBALA - DISTRICT CID'),
  ('132211701', 'AMBALA - DISTRICT CONTROL ROOM (DCR)'),
  ('132212001', 'AMBALA - DISTRICT SPECIAL CELL'),
  ('132211201', 'AMBALA - ECONOMIC OFFENCES WING (EOW)'),
  ('132212101', 'AMBALA - MODUS OPERANDI CELL'),
  ('132212401', 'AMBALA - OPERATIONS CELL'),
  ('132211501', 'AMBALA - WOMEN CHILD SUPPORT UNIT (WCSU)'),
  ('13221005', 'AMBALA CANTT'),
  ('13221008', 'AMBALA CITY'),
  ('5000000742', 'AMBALA RANGE'),
  ('13221011', 'AMBALA SADAR'),
  ('132380604', 'ANC SIRSA'),
  ('132560602', 'ANC Staff Fatehabad'),
  ('13222000', 'ANTI CORRUPTION&VIGILANCE'),
  ('132350407', 'Anti Emigration Unit, Panchkula'),
  ('132280507', 'ANTI IMMIGRATION CELL KAITHAL'),
  ('132270504', 'AP Crime-II Gurgaon'),
  ('13237032', 'ARYA NAGAR ROHTAK'),
  ('13257026', 'ASAUDA'),
  ('132230503', 'ASP  BHIWANI'),
  ('5000004599', 'ASP AMB'),
  ('132560402', 'ASP Fatehabad'),
  ('5000001601', 'ASP HANSI'),
  ('132290506', 'ASP Hansi, Hisar'),
  ('132300504', 'ASP HEADQUARTER, JIND'),
  ('132290507', 'ASP Hisar'),
  ('5000001602', 'ASP HISAR'),
  ('5000004611', 'ASP KURUKSHETRA'),
  ('132320504', 'ASP KURUKSHETRA'),
  ('5000004600', 'ASP MEWAT'),
  ('132350501', 'ASP Panchkula'),
  ('132390506', 'ASP SONIPAT'),
  ('132400507', 'ASP YAMUNA NAGAR'),
  ('13231005', 'ASSANDH'),
  ('132250512', 'ASSISTANT COMMISSIONER OF POLICE , Badkal'),
  ('132250513', 'ASSISTANT COMMISSIONER OF POLICE , Old FBD'),
  ('132250510', 'ASSISTANT COMMISSIONER OF POLICE Adarsh Nagar'),
  ('132250511', 'ASSISTANT COMMISSIONER OF POLICE BPTP'),
  ('132250601', 'Assistant Commissioner of Police Office'),
  ('132240501', 'Assistant Commissioner of Police Office'),
  ('132240601', 'Assistant Commissioner of Police Office'),
  ('132260601', 'Assistant Commissioner of Police Office'),
  ('132270601', 'Assistant Commissioner of Police Office'),
  ('132280601', 'Assistant Commissioner of Police Office'),
  ('132320601', 'Assistant Commissioner of Police Office'),
  ('132330601', 'Assistant Commissioner of Police Office'),
  ('132340501', 'Assistant Commissioner of Police Office'),
  ('132340601', 'Assistant Commissioner of Police Office'),
  ('132290601', 'Assistant Commissioner of Police Office'),
  ('132300601', 'Assistant Commissioner of Police Office'),
  ('132310501', 'Assistant Commissioner of Police Office'),
  ('132310601', 'Assistant Commissioner of Police Office'),
  ('132400601', 'Assistant Commissioner of Police Office'),
  ('132560501', 'Assistant Commissioner of Police Office'),
  ('132560601', 'Assistant Commissioner of Police Office'),
  ('132570601', 'Assistant Commissioner of Police Office'),
  ('132570501', 'Assistant Commissioner of Police Office'),
  ('132600601', 'Assistant Commissioner of Police Office'),
  ('138200501', 'Assistant Commissioner of Police Office'),
  ('138200601', 'Assistant Commissioner of Police Office'),
  ('132580501', 'Assistant Commissioner of Police Office'),
  ('132580601', 'Assistant Commissioner of Police Office'),
  ('132380601', 'Assistant Commissioner of Police Office'),
  ('132390601', 'Assistant Commissioner of Police Office'),
  ('132350601', 'Assistant Commissioner of Police Office'),
  ('132360601', 'Assistant Commissioner of Police Office'),
  ('132370601', 'Assistant Commissioner of Police Office'),
  ('132230601', 'Assistant Commissioner of Police Office'),
  ('132220501', 'Assistant Commissioner of Police Office'),
  ('132220601', 'Assistant Commissioner of Police Office'),
  ('132210601', 'Assistant Commissioner of Police Office'),
  ('139630501', 'Assistant Commissioner of Police Office'),
  ('139630601', 'Assistant Commissioner of Police Office'),
  ('132390524', 'Assistant S.P. Sonipat'),
  ('132380402', 'Assistant Superintendent of Police, Sirsa'),
  ('13233005', 'ATELI'),
  ('132380605', 'AVT STAFF'),
  ('132560603', 'AVT Staff Fatehabad'),
  ('132300413', 'AVT Staff Julana'),
  ('13229006', 'AZAD NAGAR HISAR'),
  ('13232024', 'BABAIN'),
  ('13223007', 'BADHRA'),
  ('13259006', 'BADHRA, Charkhi dadri'),
  ('13257030', 'BADLI'),
  ('13227003', 'BADSHAHPUR'),
  ('13239085', 'BAHALGARH'),
  ('13260009', 'BAHIN'),
  ('13237081', 'BAHUAKBARPUR'),
  ('13227102', 'BAJGHERA'),
  ('13221014', 'BALDEV NAGAR'),
  ('13225003', 'BALLABHGARH CITY'),
  ('13225007', 'BALLABHGARH SADAR'),
  ('13234005', 'BAPOLI'),
  ('13238007', 'BARAGUDHA'),
  ('13265001', 'BARAGUDHA'),
  ('13221016', 'BARARA'),
  ('13239007', 'BARAUDA'),
  ('13229011', 'BARWALA'),
  ('13229095', 'BASS'),
  ('13236005', 'BAWAL'),
  ('13223011', 'BAWANI KHERA'),
  ('13223015', 'BEHAL'),
  ('13257005', 'BERI'),
  ('13256005', 'BHATTU KALAN'),
  ('132231301', 'BHIWANI - CRIME CELL'),
  ('132231401', 'BHIWANI - DISTRICT CID'),
  ('132231701', 'BHIWANI - DISTRICT CONTROL ROOM (DCR)'),
  ('132232001', 'BHIWANI - DISTRICT SPECIAL CELL'),
  ('132231201', 'BHIWANI - ECONOMIC OFFENCES WING (EOW)'),
  ('132232101', 'BHIWANI - MODUS OPERANDI CELL'),
  ('132232401', 'BHIWANI - OPERATIONS CELL'),
  ('132231501', 'BHIWANI - WOMEN CHILD SUPPORT UNIT (WCSU)'),
  ('13223021', 'BHIWANI CITY'),
  ('13223022', 'BHIWANI CIVIL LINES'),
  ('13223024', 'BHIWANI SADAR'),
  ('13227004', 'BHONDSI'),
  ('13256006', 'BHUNA'),
  ('13225008', 'BHUPANI'),
  ('13258035', 'BICCHOR'),
  ('13240005', 'BILASPUR'),
  ('13227020', 'BILASPUR GURUGRAM'),
  ('13223025', 'BOND KALAN'),
  ('13259005', 'BOND KALAN, Charkhi dadri'),
  ('13240006', 'BURIA'),
  ('13231011', 'BUTANA'),
  ('13224001', 'C I D'),
  ('132241301', 'C I D - CRIME CELL'),
  ('132241401', 'C I D - DISTRICT CID'),
  ('132241701', 'C I D - DISTRICT CONTROL ROOM (DCR)'),
  ('132242001', 'C I D - DISTRICT SPECIAL CELL'),
  ('132241201', 'C I D - ECONOMIC OFFENCES WING (EOW)'),
  ('132242101', 'C I D - MODUS OPERANDI CELL'),
  ('132242401', 'C I D - OPERATIONS CELL'),
  ('132241501', 'C I D - WOMEN CHILD SUPPORT UNIT (WCSU)'),
  ('13225009', 'CAMP COLONY'),
  ('13260020', 'CAMP PALWAL'),
  ('130901', 'Central Investigation Department (CID)'),
  ('13225010', 'CHAND HUT'),
  ('13260010', 'CHAND HUT'),
  ('13221020', 'CHANDI MANDIR'),
  ('13235020', 'CHANDIMANDIR'),
  ('13234012', 'CHANDNIBAGH'),
  ('13228007', 'CHEEKA'),
  ('13240010', 'CHHACHHRAULI'),
  ('13225012', 'CHHANSA'),
  ('13240012', 'CHHAPAR'),
  ('132253012', 'CIA AVTS Bhupani Faridabad'),
  ('132253011', 'CIA AVTS Sikrona  Faridabad'),
  ('132573002', 'CIA Bahadurgarh'),
  ('132253003', 'CIA Ballabhgarh'),
  ('132233001', 'CIA Bhiwani'),
  ('132273006', 'CIA Bilaspur'),
  ('132273010', 'CIA C-2 Palam Vihar'),
  ('132253001', 'CIA Central'),
  ('132383002', 'CIA Dabwali'),
  ('132233002', 'CIA Dadri'),
  ('132363002', 'CIA Dharuhera'),
  ('132380603', 'CIA ELLENABAD'),
  ('132583003', 'CIA Firoz Pur Jhirkha'),
  ('132263001', 'CIA GRP Ambala Cantt'),
  ('132293002', 'CIA Hansi'),
  ('132603002', 'CIA Hathin'),
  ('132293001', 'CIA Hisar'),
  ('132603003', 'CIA Hodal'),
  ('132333001', 'CIA I Narnaul'),
  ('132333002', 'CIA II Mahendragarh'),
  ('132573001', 'CIA Jhajjar'),
  ('132300412', 'CIA Jind'),
  ('132363003', 'CIA KOSLI'),
  ('13236003', 'CIA KOSLI'),
  ('132300410', 'CIA Narwana'),
  ('132253002', 'CIA NIT'),
  ('132583001', 'CIA Nuh'),
  ('132313001', 'CIA Office-1  Karnal'),
  ('132323001', 'CIA Office-1 Kurukshetra'),
  ('132343001', 'CIA Office-1 Panipat'),
  ('132313002', 'CIA Office-2 Karnal'),
  ('132323002', 'CIA Office-2 Kurukshetra'),
  ('132343002', 'CIA Office-2 Panipat'),
  ('132273003', 'CIA Palam Vihar Gurgaon'),
  ('132603001', 'CIA Palwal'),
  ('132363001', 'CIA Rewari'),
  ('132213001', 'CIA Rural Ambala'),
  ('132300411', 'CIA Safidon'),
  ('132273002', 'CIA Sec-17'),
  ('132273008', 'CIA Sec-31'),
  ('132273009', 'CIA Sec-39'),
  ('132273007', 'CIA Sec-43'),
  ('132273001', 'CIA Sec-46'),
  ('132253009', 'CIA Sec-56 Faridabad'),
  ('132253010', 'CIA Sec-85 Faridabad'),
  ('132380602', 'CIA SIRSA'),
  ('132383001', 'CIA Sirsa'),
  ('132273005', 'CIA Sohna'),
  ('132393001', 'CIA Sonipat'),
  ('132563001', 'CIA Staff Fatehabad'),
  ('132563002', 'CIA Staff Tohana'),
  ('132403001', 'CIA Staff YamunaNagar'),
  ('132283001', 'CIA Staff-1 Kaithal'),
  ('132213002', 'CIA Staff-1 Urban Ambala'),
  ('132283002', 'CIA Staff-2 Kaithal'),
  ('132213003', 'CIA Staff-2 Urban Ambala'),
  ('132283003', 'CIA Staff-III Kaithal'),
  ('132653001', 'CIA, Dabwali'),
  ('132653002', 'CIA, Kalanwali'),
  ('132303001', 'CIA-1 Jind'),
  ('132373001', 'CIA-1 Rohtak'),
  ('132303002', 'CIA-2 Jind'),
  ('132373002', 'CIA-2 Rohtak'),
  ('132373003', 'CIA-3 Rohtak'),
  ('132359901', 'CID Panchkula'),
  ('13257007', 'CITY BAHADURGARH'),
  ('13256007', 'CITY FATEHABAD'),
  ('13257029', 'CITY JHAJJAR'),
  ('13233006', 'CITY KANINA'),
  ('13265002', 'CITY MANDI DABWALI'),
  ('13238014', 'CITY MANDI DABWALI'),
  ('13233008', 'CITY NARNAUL'),
  ('13258094', 'CITY NUH'),
  ('13260071', 'CITY PALWAL'),
  ('13232078', 'CITY PEHOWA, KURUKSHETRA'),
  ('13256027', 'CITY RATIA'),
  ('13230063', 'CITY SAFIDON'),
  ('13227105', 'CITY SOHANA'),
  ('13258095', 'CITY TAURU'),
  ('13256009', 'CITY TOHANA'),
  ('13230062', 'Civil line Jind'),
  ('13228008', 'CIVIL LINE KAITHAL'),
  ('13239015', 'CIVIL LINE SONIPAT'),
  ('13227023', 'CIVIL LINES GURGAON'),
  ('132300405', 'CLG Cell DPO Jind'),
  ('132380607', 'CLG STAFF SIRSA'),
  ('5000000739', 'COMMISSIONERATE FARIDABAD'),
  ('5000000740', 'COMMISSIONERATE GURUGRAM'),
  ('130318', 'COMMISSIONERATE JHAJJAR'),
  ('5000000737', 'COMMISSIONERATE PANCHKULA'),
  ('132253004', 'Crime Branch Border'),
  ('132253005', 'Crime Branch DLF'),
  ('132253006', 'Crime Branch Sector 30'),
  ('132253007', 'Crime Branch Sector 48'),
  ('132253008', 'Crime Branch Sector 63'),
  ('132353001', 'Crime Branch-1 Panchkula'),
  ('132353002', 'Crime Branch-2 Panchkula'),
  ('132300402', 'Cyber Cell DPO Jind'),
  ('1326513101', 'CYBER CELL, DABWALI'),
  ('1322813101', 'CYBER CELL, Kaithal'),
  ('1323113101', 'CYBER CELL, Karnal'),
  ('13235074', 'CYBER CRIME'),
  ('13256028', 'Cyber Crime Police Station Fatehabad'),
  ('13231087', 'Cyber Crime police station karnal'),
  ('13234078', 'Cyber Crime Police Station Panipat'),
  ('13238075', 'Cyber Crime Police Station Sirsa'),
  ('13221073', 'Cyber Crime Police Station, Ambala Range, Ambala Cantt'),
  ('13223084', 'Cyber Crime Police Station, Bhiwani'),
  ('13227108', 'Cyber Crime Police Station, Gurugram'),
  ('13232022', 'CYBER CRIME POLICE STATION, KURUKSHETRA'),
  ('13240054', 'Cyber Crime Police Station, Yamunanagar'),
  ('13229012', 'Cyber Crime, Police Station Hisar'),
  ('13237082', 'Cyber Police Station Rohtak'),
  ('13233083', 'CYBER POLICE STATION, MAHENDERGARH'),
  ('13236063', 'CYBER POLICE STATION, SOUTH RANGE, REWARI'),
  ('13225095', 'DABUA'),
  ('13238021', 'DABWALI SADAR'),
  ('13265003', 'DABWALI SADAR'),
  ('13223028', 'DADRI CITY'),
  ('13259002', 'DADRI CITY, Charkhi dadri'),
  ('13223031', 'DADRI SADAR'),
  ('13259003', 'DADRI SADAR, Charkhi dadri'),
  ('13228012', 'DANDH'),
  ('132211001', 'DCRB (District Crime Records Bureau)'),
  ('132231001', 'DCRB (District Crime Records Bureau)'),
  ('132221001', 'DCRB (District Crime Records Bureau)'),
  ('132291001', 'DCRB (District Crime Records Bureau)'),
  ('132301001', 'DCRB (District Crime Records Bureau)'),
  ('132341001', 'DCRB (District Crime Records Bureau)'),
  ('132331001', 'DCRB (District Crime Records Bureau)'),
  ('132321001', 'DCRB (District Crime Records Bureau)'),
  ('132311001', 'DCRB (District Crime Records Bureau)'),
  ('132261001', 'DCRB (District Crime Records Bureau)'),
  ('132241001', 'DCRB (District Crime Records Bureau)'),
  ('132251001', 'DCRB (District Crime Records Bureau)'),
  ('132281001', 'DCRB (District Crime Records Bureau)'),
  ('132271001', 'DCRB (District Crime Records Bureau)'),
  ('132361001', 'DCRB (District Crime Records Bureau)'),
  ('132351001', 'DCRB (District Crime Records Bureau)'),
  ('132371001', 'DCRB (District Crime Records Bureau)'),
  ('132381001', 'DCRB (District Crime Records Bureau)'),
  ('132391001', 'DCRB (District Crime Records Bureau)'),
  ('138201001', 'DCRB (District Crime Records Bureau)'),
  ('132601001', 'DCRB (District Crime Records Bureau)'),
  ('132581001', 'DCRB (District Crime Records Bureau)'),
  ('132561001', 'DCRB (District Crime Records Bureau)'),
  ('132401001', 'DCRB (District Crime Records Bureau)'),
  ('132571001', 'DCRB (District Crime Records Bureau)'),
  ('139631001', 'DCRB (District Crime Records Bureau)'),
  ('132570407', 'Deputy Commissiner of Police, CRIME, JHAJJAR'),
  ('132570406', 'Deputy Commissiner of Police, Headquarter, JHAJJAR'),
  ('138200401', 'Deputy Commissioner of Police Office'),
  ('132350401', 'Deputy Commissioner of Police Office'),
  ('132240401', 'Deputy Commissioner of Police Office'),
  ('139630401', 'Deputy Commissioner of Police Office'),
  ('132570408', 'Deputy Commissioner of Police, BAHADURGARH'),
  ('132250406', 'Deputy Commissioner of Police, Ballabgarh Faridabad'),
  ('132250401', 'Deputy Commissioner of Police, Central Faridabad'),
  ('132270401', 'Deputy Commissioner of Police, East Gurgaon'),
  ('132390405', 'Deputy Commissioner of Police, East Sonipat'),
  ('132390404', 'Deputy Commissioner of Police, Gohana Sonipat'),
  ('132570405', 'Deputy Commissioner of Police, JHAJJAR'),
  ('132270411', 'Deputy Commissioner of Police, Manesar Gurugram'),
  ('132250402', 'Deputy Commissioner of Police, NIT Faridabad'),
  ('132210401', 'Deputy Commissioner of Police, Rural Ambala'),
  ('132270406', 'Deputy Commissioner of Police, South Gurgaon'),
  ('132270402', 'Deputy Commissioner of Police, West Gurgaon'),
  ('132390403', 'Deputy Commissioner of Police, West Sonipat'),
  ('132350404', 'Deputy Commissiooner of Police Crime Panchkula'),
  ('132580505', 'DEPUTY SUPERINTENDENT OF POLICE , MANDIKHEDA, NUH'),
  ('132310407', 'Deputy Superintendent of Police Traffic karnal'),
  ('132600504', 'Deputy Superintendent of Police, Crime Palwal'),
  ('13264506', 'Deputy Superintendent of Police, HSEnB Faridabad'),
  ('13264507', 'Deputy Superintendent of Police, HSEnB Gurugram'),
  ('13264505', 'Deputy Superintendent of Police, HSEnB Rewari'),
  ('13264501', 'Deputy Superintendent of Police, HSEnB, Ambala'),
  ('13264504', 'Deputy Superintendent of Police, HSEnB, Hisar'),
  ('13264502', 'Deputy Superintendent of Police, HSEnB, Karnal'),
  ('13264503', 'Deputy Superintendent of Police, HSEnB, Rohtak'),
  ('132560505', 'DEPUTY SUPERINTENDENT OF POLICE, TRAFFIC, FATEHABAD'),
  ('132300406', 'Detective Staff Jind'),
  ('132353003', 'Detective Staff Panchkula'),
  ('132403002', 'Detective Staff YamunaNagar'),
  ('130101', 'DGP Office'),
  ('13236015', 'DHARUHERA'),
  ('13225098', 'DHAUJ'),
  ('5000001603', 'DHP HQRS FTB'),
  ('13238022', 'DING'),
  ('132400406', 'DISTRICT ANTI NARCOTIC CELL'),
  ('132400407', 'DISTRICT ANTI VEHICLE THEFT CELL'),
  ('132400405', 'DISTRICT BURGLARY STAFF'),
  ('132400402', 'DISTRICT COMMUNITY LIAISON GROUP (CLG)'),
  ('132400409', 'DISTRICT COMPLAINTS BRANCH'),
  ('132400410', 'DISTRICT CYBER CELL'),
  ('132400408', 'DISTRICT PROCLAIMED OFFENDER STAFF'),
  ('132400404', 'DISTRICT SECURITY BRANCH'),
  ('132400403', 'DISTRICT WOMEN CELL'),
  ('13227032', 'DLF'),
  ('13227109', 'DLF PH-3rd'),
  ('13227033', 'DLF PHASE-1'),
  ('13227030', 'DLF QUTAB ENCLAVE'),
  ('13227031', 'DLF-II'),
  ('5000001604', 'DSP'),
  ('5000001606', 'DSP (HQ.) JIND'),
  ('5000001607', 'DSP , HQ SPT'),
  ('5000001608', 'DSP AEC KTL'),
  ('132290512', 'DSP AGROHA HISAR'),
  ('5000001578', 'DSP AMBALA'),
  ('5000001580', 'DSP AMBALA AMB'),
  ('5000001579', 'DSP AMBALA CANTT'),
  ('13241504', 'Dsp Ambala/Hsncb'),
  ('5000001609', 'DSP ASSANDH'),
  ('132590501', 'DSP BADHRA'),
  ('5000001610', 'DSP BAHADURGARH'),
  ('5000001582', 'DSP BARARA'),
  ('5000001611', 'DSP BARWALA'),
  ('5000001612', 'DSP BERI'),
  ('132560507', 'DSP BHATTU KALAN'),
  ('5000001613', 'DSP BHIWANI'),
  ('132560506', 'DSP Bhuna'),
  ('132400501', 'DSP Bilaspur'),
  ('5000001614', 'DSP CITY'),
  ('5000001615', 'DSP CITY'),
  ('5000001616', 'DSP CITY'),
  ('5000001617', 'DSP CITY'),
  ('5000001618', 'DSP CITY'),
  ('132590502', 'DSP CITY DADRI'),
  ('5000001620', 'DSP CITY FTB'),
  ('5000001621', 'DSP CITY HISAR'),
  ('132570503', 'DSP CITY JHAJJAR'),
  ('5000001619', 'DSP CITY PANIPAT'),
  ('5000001622', 'DSP CITY REWARI'),
  ('132380501', 'DSP City Sirsa'),
  ('13265502', 'DSP Crime Dabwali'),
  ('132280506', 'DSP CRIME KAITHAL'),
  ('132600506', 'DSP Crime, Palwal'),
  ('132340503', 'DSP CRIME, PANIPAT'),
  ('5000001623', 'DSP DABWALI'),
  ('5000001624', 'DSP DADRI'),
  ('5000001625', 'DSP DETECTIVE'),
  ('132300501', 'DSP Detective Jind'),
  ('132390503', 'DSP Detective Sonipat'),
  ('5000001626', 'DSP ELLENABAD'),
  ('5000001627', 'DSP FIROJPUR JHIRKA'),
  ('132260502', 'DSP GRP Ambala Cantt'),
  ('132250505', 'DSP GRP Faridabad'),
  ('132290503', 'DSP GRP Hisar'),
  ('5000001628', 'DSP GULHA'),
  ('13241502', 'Dsp Gurugram/Hsncb'),
  ('5000001629', 'DSP H,Q'),
  ('5000001630', 'DSP HANSI'),
  ('5000001631', 'DSP HATHIN'),
  ('13265501', 'DSP Headquarter, Dabwali'),
  ('132290504', 'DSP Hisar'),
  ('132290502', 'DSP Hisar'),
  ('13241503', 'Dsp Hisar/Hsncb'),
  ('5000001632', 'DSP HODAL'),
  ('5000001633', 'DSP HQ'),
  ('5000001634', 'DSP HQ'),
  ('132230501', 'DSP HQ Bhiwani'),
  ('132260501', 'DSP HQ GRP Ambala Cantt'),
  ('5000001636', 'DSP HQ KTL'),
  ('132320501', 'DSP HQ Kurukshetra'),
  ('5000001640', 'DSP HQ Narnaul'),
  ('5000004601', 'DSP HQ NUH'),
  ('132600501', 'DSP HQ Palwal'),
  ('5000001635', 'DSP HQ PANIPAT'),
  ('5000001637', 'DSP HQ YNR'),
  ('132210504', 'DSP HQ, Ambala'),
  ('5000001638', 'DSP HQ/JJR'),
  ('5000001639', 'DSP HQR, REWARI'),
  ('5000001641', 'DSP HQRS SIRSA'),
  ('5000001642', 'DSP INDRI'),
  ('5000001643', 'DSP JAGADHRI'),
  ('5000001644', 'DSP JHAJJAR'),
  ('132300502', 'DSP Jind'),
  ('132300505', 'DSP JIND - 1'),
  ('132300506', 'DSP JIND - 2'),
  ('132280501', 'DSP Kaithal'),
  ('132380504', 'DSP KALANWALI, SIRSA'),
  ('132380505', 'DSP KALANWALI, SIRSA'),
  ('132330501', 'DSP Kanina, Mahendragarh'),
  ('5000001645', 'DSP KARNAL'),
  ('132390501', 'DSP Kharkhoda Sonipat'),
  ('5000001646', 'DSP KOSLI'),
  ('132320503', 'DSP KURUKSHETRA'),
  ('132380508', 'DSP L&O AND TRAFFIC SIRSA'),
  ('132290505', 'DSP Law & Order Hisar'),
  ('132370502', 'DSP LAW & ORDER ROHTAK'),
  ('132390502', 'DSP Law & Order Sonipat'),
  ('5000001647', 'DSP LOHARU'),
  ('132330503', 'DSP Mahendragarh'),
  ('5000001648', 'DSP MEHAM'),
  ('5000001590', 'DSP NARAINGARH'),
  ('132330502', 'DSP Narnaul'),
  ('132290509', 'DSP Narnaund'),
  ('5000001649', 'DSP NUH'),
  ('13265503', 'DSP Office Dabwali'),
  ('13265504', 'DSP Office Kalanwali'),
  ('132600502', 'DSP Palwal, Palwal'),
  ('5000004609', 'DSP Palwal, Palwal'),
  ('5000001668', 'DSP PANIPAT'),
  ('132340505', 'DSP Panipat, Panipat'),
  ('5000001605', 'DSP PEHOWA'),
  ('5000004602', 'DSP PUNHANA'),
  ('132360501', 'DSP Rewari'),
  ('132360502', 'DSP Rewari II'),
  ('132370504', 'DSP RTK-3'),
  ('132380507', 'DSP SADAR & CAW SIRSA'),
  ('132600505', 'DSP Sadar, Palwal'),
  ('5000001650', 'DSP SAMALKHA'),
  ('132370501', 'DSP SECURITY ROHTAK'),
  ('5000001651', 'DSP SHAHABAD'),
  ('5000001666', 'DSP Sirsa'),
  ('5000001652', 'DSP SIWANI'),
  ('132390505', 'DSP SONIPAT'),
  ('132580503', 'DSP TAURU, MEWAT'),
  ('5000001653', 'DSP TOHANA'),
  ('5000001654', 'DSP TRAFFIC'),
  ('5000001655', 'DSP TRAFFIC'),
  ('5000001656', 'DSP TRAFFIC'),
  ('5000001657', 'DSP TRAFFIC'),
  ('132320502', 'DSP TRAFFIC'),
  ('132210501', 'DSP Traffic Ambala'),
  ('5000004597', 'DSP TRAFFIC AMBALA'),
  ('132290511', 'DSP TRAFFIC HISAR'),
  ('132390504', 'DSP TRAFFIC SONIPAT'),
  ('132230502', 'DSP Women Police Station, Bhiwani'),
  ('132560502', 'DSP Women Police Station, Fatehabad'),
  ('132290508', 'DSP Women Police Station, Hissar'),
  ('132570502', 'DSP Women Police Station, Jhajjar'),
  ('132300503', 'DSP Women Police Station, Jind'),
  ('132280502', 'DSP Women Police Station, Kaithal'),
  ('132310502', 'DSP Women Police Station, Karnal'),
  ('132320505', 'DSP Women Police Station, Kurukshetra'),
  ('132580502', 'DSP Women Police Station, Mewat'),
  ('132330504', 'DSP Women Police Station, Narnaul'),
  ('132600503', 'DSP Women Police Station, Palwal'),
  ('132340502', 'DSP Women Police Station, Panipat'),
  ('132360503', 'DSP Women Police Station, Rewari'),
  ('132370503', 'DSP Women Police Station, Rohtak'),
  ('132380503', 'DSP Women Police Station, Sirsa'),
  ('132400504', 'DSP Women Police Station, Yamuna Nagar'),
  ('132400502', 'DSP Yamunanagar - I'),
  ('132400503', 'DSP Yamunanagar - II'),
  ('5000001662', 'DSP, CITY JIND'),
  ('5000001658', 'DSP, CITY SPT'),
  ('5000001659', 'DSP, GANAUR'),
  ('5000001660', 'DSP, GOHANA'),
  ('5000001661', 'DSP, HQ SPT'),
  ('132340504', 'DSP, Law & Order, Panipat'),
  ('5000001663', 'DSP, NARWANA'),
  ('5000001664', 'DSP, SAFFIDON'),
  ('132350510', 'DSP,Cyber Crime,Haryana,Panchkula'),
  ('13241501', 'DSP/HQ/HSNCB MBN'),
  ('13257027', 'DUJANA'),
  ('132651201', 'ECONOMIC OFFENCES WING, DABWALI'),
  ('13238031', 'ELLENABAD'),
  ('132300404', 'Emmigration Cell DPO Jind'),
  ('132271202', 'EOW CELL,EAST GURGAON'),
  ('132271201', 'EOW CELL,SOUTH GURGAON'),
  ('132271203', 'EOW CELL,WEST GURGAON'),
  ('132591201', 'EOW Charkhi Dadri, CIA Charkhi Dadri'),
  ('13240018', 'FARAKPUR'),
  ('13820007', 'FARIDABAD'),
  ('132251301', 'FARIDABAD - CRIME CELL'),
  ('132251401', 'FARIDABAD - DISTRICT CID'),
  ('132251701', 'FARIDABAD - DISTRICT CONTROL ROOM (DCR)'),
  ('132252001', 'FARIDABAD - DISTRICT SPECIAL CELL'),
  ('132251201', 'FARIDABAD - ECONOMIC OFFENCES WING (EOW)'),
  ('132252101', 'FARIDABAD - MODUS OPERANDI CELL'),
  ('132252401', 'FARIDABAD - OPERATIONS CELL'),
  ('132251501', 'FARIDABAD - WOMEN CHILD SUPPORT UNIT (WCSU)'),
  ('13225021', 'FARIDABAD CENTRAL'),
  ('13225026', 'FARIDABAD KOTWALI'),
  ('13225031', 'FARIDABAD N.I.T.'),
  ('13225035', 'FARIDABAD OLD'),
  ('132561301', 'FATEHABAD - CRIME CELL'),
  ('132561401', 'FATEHABAD - DISTRICT CID'),
  ('132561701', 'FATEHABAD - DISTRICT CONTROL ROOM (DCR)'),
  ('132562001', 'FATEHABAD - DISTRICT SPECIAL CELL'),
  ('132561201', 'FATEHABAD - ECONOMIC OFFENCES WING (EOW)'),
  ('132562101', 'FATEHABAD - MODUS OPERANDI CELL'),
  ('132562401', 'FATEHABAD - OPERATIONS CELL'),
  ('132561501', 'FATEHABAD - WOMEN CHILD SUPPORT UNIT (WCSU)'),
  ('132300409', 'Feedback Cell DPO Jind'),
  ('13227037', 'FEROZEPUR JHIRKA'),
  ('13258037', 'FEROZEPUR JHIRKA'),
  ('54616', 'FSL'),
  ('13227041', 'FURRUKH NAGAR'),
  ('13260083', 'GADPURI'),
  ('13240053', 'GANDHI NAGAR, YAMUNANAGAR'),
  ('13239031', 'GANNAUR'),
  ('13230005', 'GARHI'),
  ('13231031', 'GHARAUNDA'),
  ('13239035', 'GOHANA CITY'),
  ('13239037', 'GOHANA SADAR'),
  ('13226005', 'GRP AMBALA Cantt'),
  ('132261301', 'GRP AMBALA CANTT - CRIME CELL'),
  ('132261401', 'GRP AMBALA CANTT - DISTRICT CID'),
  ('132261701', 'GRP AMBALA CANTT - DISTRICT CONTROL ROOM (DCR)'),
  ('132262001', 'GRP AMBALA CANTT - DISTRICT SPECIAL CELL'),
  ('132261201', 'GRP AMBALA CANTT - ECONOMIC OFFENCES WING (EOW)'),
  ('132262101', 'GRP AMBALA CANTT - MODUS OPERANDI CELL'),
  ('132262401', 'GRP AMBALA CANTT - OPERATIONS CELL'),
  ('132261501', 'GRP AMBALA CANTT - WOMEN CHILD SUPPORT UNIT (WCSU)'),
  ('13226004', 'GRP BAHADURGARH'),
  ('13226001', 'GRP CHANDIGARH'),
  ('13226015', 'GRP FARIDABAD'),
  ('13226006', 'GRP GURGAON'),
  ('13226021', 'GRP HISAR'),
  ('13226003', 'GRP JAGADHARI'),
  ('13226031', 'GRP JIND'),
  ('13226041', 'GRP KALKA'),
  ('13226045', 'GRP KARNAL'),
  ('13226050', 'GRP KURUKSHETRA'),
  ('13226002', 'GRP PANIPAT'),
  ('13226071', 'GRP REWARI'),
  ('13226075', 'GRP ROHTAK'),
  ('13226080', 'GRP SIRSA'),
  ('13226085', 'GRP SONIPAT'),
  ('13228016', 'GUHLA'),
  ('13820006', 'GURGAON'),
  ('132271301', 'GURGAON - CRIME CELL'),
  ('132271401', 'GURGAON - DISTRICT CID'),
  ('132271701', 'GURGAON - DISTRICT CONTROL ROOM (DCR)'),
  ('132272001', 'GURGAON - DISTRICT SPECIAL CELL'),
  ('132272101', 'GURGAON - MODUS OPERANDI CELL'),
  ('132272401', 'GURGAON - OPERATIONS CELL'),
  ('13227046', 'GURGAON CITY'),
  ('13227051', 'GURGAON SADAR'),
  ('132610409', 'Hansi Challaning Branch'),
  ('132610403', 'Hansi CIA Staff'),
  ('13229041', 'HANSI CITY'),
  ('132610406', 'Hansi CLG/Senior Citizen Cell'),
  ('132610407', 'Hansi Cyber Cell'),
  ('132610402', 'Hansi EOW'),
  ('132610410', 'Hansi PO Staff'),
  ('13229045', 'HANSI SADAR'),
  ('132610408', 'Hansi Security Branch'),
  ('132610404', 'Hansi Special Staff'),
  ('130202', 'HAP/HQ'),
  ('131101', 'HARYANA - ECONOMIC OFFENCES WING (EOW)'),
  ('132301', 'HARYANA - OPERATIONS CELL/TERRORIST CELL'),
  ('131901', 'HARYANA - PASSPORT BRANCH'),
  ('131601', 'HARYANA - POLICE CONTROL ROOM (PCR)'),
  ('131801', 'HARYANA - STATE CRIME RECORDS BUREAU (SCRB)'),
  ('132201', 'HARYANA - WOMEN CHILD SUPPORT UNIT(WCSU)'),
  ('1326403', 'Haryana State Enforcement Bureau (HSEnB), Panchkula'),
  ('13225041', 'HASSANPUR'),
  ('13260041', 'HASSANPUR'),
  ('13260042', 'HATHIN'),
  ('13258045', 'HATHIN'),
  ('13225045', 'HATHIN'),
  ('13820008', 'HISAR'),
  ('13229051', 'HISAR CITY'),
  ('13229052', 'HISAR CIVIL LINES'),
  ('5000000738', 'HISAR RANGE'),
  ('13229055', 'HISAR SADAR'),
  ('132291301', 'HISSAR - CRIME CELL'),
  ('132291401', 'HISSAR - DISTRICT CID'),
  ('132291701', 'HISSAR - DISTRICT CONTROL ROOM (DCR)'),
  ('132292001', 'HISSAR - DISTRICT SPECIAL CELL'),
  ('132291201', 'HISSAR - ECONOMIC OFFENCES WING (EOW)'),
  ('132292101', 'HISSAR - MODUS OPERANDI CELL'),
  ('132292401', 'HISSAR - OPERATIONS CELL'),
  ('132291501', 'HISSAR - WOMEN CHILD SUPPORT UNIT (WCSU)'),
  ('13225051', 'HODAL'),
  ('13260051', 'HODAL'),
  ('132319901', 'HPA Madhuban, Karnal'),
  ('13264701', 'HSEnB Police Station Ambala'),
  ('13264707', 'HSEnB Police Station Faridabad'),
  ('13264708', 'HSEnB Police Station Gurugram'),
  ('13264705', 'HSEnB Police Station Hisar'),
  ('13264704', 'HSEnB Police Station Jind'),
  ('13264702', 'HSEnB Police Station Karnal'),
  ('13264706', 'HSEnB Police Station Rewari'),
  ('13264703', 'HSEnB Police Station Rohtk'),
  ('13239084', 'HSIDC BARHI'),
  ('13241001', 'HSNCB Unit Ambala'),
  ('13221001', 'HSNCB Unit Ambala'),
  ('13223001', 'HSNCB Unit Bhiwani'),
  ('13241009', 'HSNCB Unit Bhiwani'),
  ('13241002', 'HSNCB Unit Faridabad'),
  ('13225001', 'HSNCB Unit Faridabad'),
  ('13241006', 'HSNCB Unit Fatehabad'),
  ('13256001', 'HSNCB Unit Fatehabad'),
  ('13241003', 'HSNCB Unit Gurugram'),
  ('13227005', 'HSNCB Unit Gurugram'),
  ('13229001', 'HSNCB Unit Hisar'),
  ('13241004', 'HSNCB Unit Hisar'),
  ('13241005', 'HSNCB Unit Karnal'),
  ('13231001', 'HSNCB Unit Karnal'),
  ('13232001', 'HSNCB Unit Kurukshetra'),
  ('13241008', 'HSNCB Unit Kurukshetra'),
  ('13241010', 'HSNCB Unit Rewari'),
  ('13236001', 'HSNCB Unit Rewari'),
  ('13237001', 'HSNCB Unit Rohtak'),
  ('13241007', 'HSNCB Unit Rohtak'),
  ('13241011', 'HSNCB Unit Sirsa'),
  ('13238001', 'HSNCB Unit Sirsa'),
  ('13229007', 'HTM HISAR'),
  ('13237031', 'I.M.T. ROHTAK'),
  ('132290416', 'I/C ABVT STAFF HISAR'),
  ('132290421', 'I/C ANC STAFF HISAR'),
  ('132290417', 'I/C CLG CELL HISAR'),
  ('132290418', 'I/C CYBER CELL HISAR'),
  ('132600403', 'I/C Cyber Cell, Palwal'),
  ('132290415', 'I/C PO STAFF HISAR'),
  ('132290423', 'I/C SCRUTINY CELL'),
  ('132290424', 'I/C SECURITY BRANCH HISAR'),
  ('132290419', 'I/C SPECIAL STAFF HISAR'),
  ('132290420', 'I/C SUMMON STAFF HISAR'),
  ('132290422', 'I/C WOMEN SAFTY HISAR'),
  ('132560403', 'IC CLG Cell Fatehabad'),
  ('130301', 'IG GRP AMBALA CANTT'),
  ('132360403', 'INCHRAGE SIS BRANCH, REWARI'),
  ('13231041', 'INDRI'),
  ('13227107', 'INDUSTRIAL SECTOR - 7, MANESAR'),
  ('13234075', 'Industrial Sector 29 Panipat'),
  ('130203', 'IRB/HQ'),
  ('138201301', 'IRRIGATION AND POWER DEPARTMENT - CRIME CELL'),
  ('138201401', 'IRRIGATION AND POWER DEPARTMENT - DISTRICT CID'),
  ('138201701', 'IRRIGATION AND POWER DEPARTMENT - DISTRICT CONTROL ROOM (DCR)'),
  ('138202001', 'IRRIGATION AND POWER DEPARTMENT - DISTRICT SPECIAL CELL'),
  ('138201201', 'IRRIGATION AND POWER DEPARTMENT - ECONOMIC OFFENCES WING (EOW)'),
  ('138202101', 'IRRIGATION AND POWER DEPARTMENT - MODUS OPERANDI CELL'),
  ('138202401', 'IRRIGATION AND POWER DEPARTMENT - OPERATIONS CELL'),
  ('138201501', 'IRRIGATION AND POWER DEPARTMENT - WOMEN CHILD SUPPORT UNIT (WCSU)'),
  ('13232026', 'ISMAILABAD'),
  ('13234015', 'ISRANA'),
  ('13240035', 'JAGADDHRI SADAR'),
  ('13240030', 'JAGADHRI CITY'),
  ('13256010', 'JAKHAL'),
  ('13240036', 'JATHLANA'),
  ('13236025', 'JATUSANA'),
  ('132571301', 'JHAJJAR - CRIME CELL'),
  ('132571401', 'JHAJJAR - DISTRICT CID'),
  ('132571701', 'JHAJJAR - DISTRICT CONTROL ROOM (DCR)'),
  ('132572001', 'JHAJJAR - DISTRICT SPECIAL CELL'),
  ('132571201', 'JHAJJAR - ECONOMIC OFFENCES WING (EOW)'),
  ('132572101', 'JHAJJAR - MODUS OPERANDI CELL'),
  ('132572401', 'JHAJJAR - OPERATIONS CELL'),
  ('132571501', 'JHAJJAR - WOMEN CHILD SUPPORT UNIT (WCSU)'),
  ('13232025', 'JHANSA'),
  ('13259007', 'JHOJHU KALAN'),
  ('13820004', 'JIND'),
  ('132301301', 'JIND - CRIME CELL'),
  ('132301401', 'JIND - DISTRICT CID'),
  ('132301701', 'JIND - DISTRICT CONTROL ROOM (DCR)'),
  ('132302001', 'JIND - DISTRICT SPECIAL CELL'),
  ('132301201', 'JIND - ECONOMIC OFFENCES WING (EOW)'),
  ('132302101', 'JIND - MODUS OPERANDI CELL'),
  ('132302401', 'JIND - OPERATIONS CELL'),
  ('132301501', 'JIND - WOMEN CHILD SUPPORT UNIT (WCSU)'),
  ('13230011', 'JIND CITY'),
  ('13230013', 'JIND SADAR'),
  ('13223082', 'JUI KALAN PS BHIWANI'),
  ('13230015', 'JULANA'),
  ('132281301', 'KAITHAL - CRIME CELL'),
  ('132281401', 'KAITHAL - DISTRICT CID'),
  ('132281701', 'KAITHAL - DISTRICT CONTROL ROOM (DCR)'),
  ('132282001', 'KAITHAL - DISTRICT SPECIAL CELL'),
  ('132281201', 'KAITHAL - ECONOMIC OFFENCES WING (EOW)'),
  ('132282101', 'KAITHAL - MODUS OPERANDI CELL'),
  ('132282401', 'KAITHAL - OPERATIONS CELL'),
  ('132281501', 'KAITHAL - WOMEN CHILD SUPPORT UNIT (WCSU)'),
  ('13228025', 'KAITHAL CITY'),
  ('13228027', 'KAITHAL SADAR'),
  ('13265004', 'KALAN WALI'),
  ('13238045', 'KALAN WALI'),
  ('13237036', 'KALANAUR'),
  ('13228030', 'KALAYAT'),
  ('13235045', 'KALKA'),
  ('13221045', 'KALKA'),
  ('13820002', 'KARNAL'),
  ('132311301', 'KARNAL - CRIME CELL'),
  ('132311401', 'KARNAL - DISTRICT CID'),
  ('132311701', 'KARNAL - DISTRICT CONTROL ROOM (DCR)'),
  ('132312001', 'KARNAL - DISTRICT SPECIAL CELL'),
  ('132311201', 'KARNAL - ECONOMIC OFFENCES WING (EOW)'),
  ('132312101', 'KARNAL - MODUS OPERANDI CELL'),
  ('132312401', 'KARNAL - OPERATIONS CELL'),
  ('132311501', 'KARNAL - WOMEN CHILD SUPPORT UNIT (WCSU)'),
  ('13231051', 'KARNAL CITY'),
  ('13231053', 'KARNAL CIVIL LINES'),
  ('5000000741', 'KARNAL RANGE'),
  ('13231056', 'KARNAL SADAR'),
  ('13236029', 'KASOLA'),
  ('13239051', 'KHARKHODA'),
  ('13227061', 'KHEDKI DAULA'),
  ('13225091', 'KHERIPUL'),
  ('13236028', 'KHOL'),
  ('13236030', 'KOSLI'),
  ('13232077', 'KRISHANA GATE, THANASAR KURUKSHETRA'),
  ('13239052', 'KUNDLI'),
  ('13231058', 'KUNJPURA'),
  ('132321301', 'KURUKSHETRA - CRIME CELL'),
  ('132321401', 'KURUKSHETRA - DISTRICT CID'),
  ('132321701', 'KURUKSHETRA - DISTRICT CONTROL ROOM (DCR)'),
  ('132322001', 'KURUKSHETRA - DISTRICT SPECIAL CELL'),
  ('132321201', 'KURUKSHETRA - ECONOMIC OFFENCES WING (EOW)'),
  ('132322101', 'KURUKSHETRA - MODUS OPERANDI CELL'),
  ('132322401', 'KURUKSHETRA - OPERATIONS CELL'),
  ('132321501', 'KURUKSHETRA - WOMEN CHILD SUPPORT UNIT (WCSU)'),
  ('13232030', 'KURUKSHETRA UNIVERSITY'),
  ('13232041', 'LADWA'),
  ('13237038', 'LAKHAN MAJRA'),
  ('132290501', 'Law & Order Hisar'),
  ('13257015', 'LINE PAR BAHADURGARH'),
  ('132230801', 'LIU (Local Investigation Unit)'),
  ('132210801', 'LIU (Local Investigation Unit)'),
  ('132220801', 'LIU (Local Investigation Unit)'),
  ('132290801', 'LIU (Local Investigation Unit)'),
  ('132310801', 'LIU (Local Investigation Unit)'),
  ('132300801', 'LIU (Local Investigation Unit)'),
  ('132320801', 'LIU (Local Investigation Unit)'),
  ('132330801', 'LIU (Local Investigation Unit)'),
  ('132340801', 'LIU (Local Investigation Unit)'),
  ('132280801', 'LIU (Local Investigation Unit)'),
  ('132270801', 'LIU (Local Investigation Unit)'),
  ('132260801', 'LIU (Local Investigation Unit)'),
  ('132250801', 'LIU (Local Investigation Unit)'),
  ('132240801', 'LIU (Local Investigation Unit)'),
  ('132570801', 'LIU (Local Investigation Unit)'),
  ('132560801', 'LIU (Local Investigation Unit)'),
  ('132400801', 'LIU (Local Investigation Unit)'),
  ('138200801', 'LIU (Local Investigation Unit)'),
  ('132600801', 'LIU (Local Investigation Unit)'),
  ('132580801', 'LIU (Local Investigation Unit)'),
  ('132360801', 'LIU (Local Investigation Unit)'),
  ('132350801', 'LIU (Local Investigation Unit)'),
  ('132370801', 'LIU (Local Investigation Unit)'),
  ('132380801', 'LIU (Local Investigation Unit)'),
  ('132390801', 'LIU (Local Investigation Unit)'),
  ('139630801', 'LIU (Local Investigation Unit)'),
  ('13223051', 'LOHARU'),
  ('13257028', 'MACHHROLI'),
  ('13231062', 'MADHUBAN'),
  ('132331301', 'MAHENDERGARH - CRIME CELL'),
  ('132331401', 'MAHENDERGARH - DISTRICT CID'),
  ('132331701', 'MAHENDERGARH - DISTRICT CONTROL ROOM (DCR)'),
  ('132332001', 'MAHENDERGARH - DISTRICT SPECIAL CELL'),
  ('132331201', 'MAHENDERGARH - ECONOMIC OFFENCES WING (EOW)'),
  ('132332101', 'MAHENDERGARH - MODUS OPERANDI CELL'),
  ('132332401', 'MAHENDERGARH - OPERATIONS CELL'),
  ('132331501', 'MAHENDERGARH - WOMEN CHILD SUPPORT UNIT (WCSU)'),
  ('13221049', 'MAHESH NAGAR'),
  ('13227065', 'MANESAR'),
  ('13235051', 'MANSA DEVI COMPLEX'),
  ('13234018', 'MATLAUDA'),
  ('13237045', 'MEHAM'),
  ('13227098', 'METRO'),
  ('13225100', 'Metro Police Station Faridabad'),
  ('132581301', 'MEWAT - CRIME CELL'),
  ('132581401', 'MEWAT - DISTRICT CID'),
  ('132581701', 'MEWAT - DISTRICT CONTROL ROOM (DCR)'),
  ('132582001', 'MEWAT - DISTRICT SPECIAL CELL'),
  ('132581201', 'MEWAT - ECONOMIC OFFENCES WING (EOW)'),
  ('132582101', 'MEWAT - MODUS OPERANDI CELL'),
  ('132582401', 'MEWAT - OPERATIONS CELL'),
  ('132581501', 'MEWAT - WOMEN CHILD SUPPORT UNIT (WCSU)'),
  ('13234077', 'Model Town Panipat'),
  ('13236035', 'MODEL TOWN REWARI'),
  ('5000004598', 'Moginand Panchkula'),
  ('13239060', 'MOOHANA'),
  ('13225061', 'MUJESAR'),
  ('13221050', 'MULLANA'),
  ('13231086', 'MUNAK, KARNAL'),
  ('13260084', 'MUNDKATI'),
  ('13239061', 'MURTHAL'),
  ('13221054', 'NAGGAL'),
  ('13227068', 'NAGINA'),
  ('13258068', 'NAGINA'),
  ('13233051', 'NANGAL CHAUDHRI'),
  ('13221055', 'NARAINGARH'),
  ('13229071', 'NARNAUND'),
  ('132610405', 'Narnaund CIA Staff'),
  ('13230028', 'NARWANA CITY'),
  ('13230031', 'NARWANA SADAR'),
  ('13238053', 'NATHU SARAI CHOPTA'),
  ('13227099', 'NEW COLONY'),
  ('13231085', 'NIGDHU KARNAL'),
  ('13231065', 'NISSING'),
  ('13233009', 'NIZAMPUR'),
  ('13235072', 'Nodal Cyber Crime Police Station, Haryana'),
  ('13227071', 'NUH'),
  ('13238055', 'ODHAN'),
  ('13265005', 'ODHAN'),
  ('130316', 'Office of Commissioner of Police, Sonipat'),
  ('13227043', 'OLD GURGAON'),
  ('13234021', 'Old Industrial Panipat'),
  ('132300408', 'OSI Branch DPO Jind'),
  ('13237034', 'P.G.I.M.S. ROHTAK'),
  ('5000001665', 'P/DSP'),
  ('13227080', 'PALAM VIHAR'),
  ('13225096', 'PALLA'),
  ('132601301', 'PALWAL - CRIME CELL'),
  ('132601401', 'PALWAL - DISTRICT CID'),
  ('132601701', 'PALWAL - DISTRICT CONTROL ROOM (DCR)'),
  ('132602001', 'PALWAL - DISTRICT SPECIAL CELL'),
  ('132601201', 'PALWAL - ECONOMIC OFFENCES WING (EOW)'),
  ('132602101', 'PALWAL - MODUS OPERANDI CELL'),
  ('132602401', 'PALWAL - OPERATIONS CELL'),
  ('132601501', 'PALWAL - WOMEN CHILD SUPPORT UNIT (WCSU)'),
  ('13225071', 'PALWAL CITY'),
  ('13225081', 'PALWAL SADAR'),
  ('13221062', 'PANCHKULA'),
  ('132351301', 'PANCHKULA - CRIME CELL'),
  ('132351401', 'PANCHKULA - DISTRICT CID'),
  ('132351701', 'PANCHKULA - DISTRICT CONTROL ROOM (DCR)'),
  ('132352001', 'PANCHKULA - DISTRICT SPECIAL CELL'),
  ('132351201', 'PANCHKULA - ECONOMIC OFFENCES WING (EOW)'),
  ('132352101', 'PANCHKULA - MODUS OPERANDI CELL'),
  ('132352401', 'PANCHKULA - OPERATIONS CELL'),
  ('132351501', 'PANCHKULA - WOMEN CHILD SUPPORT UNIT (WCSU)'),
  ('13221063', 'PANCHKULA SEC-19'),
  ('13235063', 'PANCHKULA SECTOR-19'),
  ('13235062', 'PANCHKULA SECTOR-5'),
  ('132341301', 'PANIPAT - CRIME CELL'),
  ('132341401', 'PANIPAT - DISTRICT CID'),
  ('132341701', 'PANIPAT - DISTRICT CONTROL ROOM (DCR)'),
  ('132342001', 'PANIPAT - DISTRICT SPECIAL CELL'),
  ('132341201', 'PANIPAT - ECONOMIC OFFENCES WING (EOW)'),
  ('132342101', 'PANIPAT - MODUS OPERANDI CELL'),
  ('132342401', 'PANIPAT - OPERATIONS CELL'),
  ('132341501', 'PANIPAT - WOMEN CHILD SUPPORT UNIT (WCSU)'),
  ('13234025', 'PANIPAT CITY'),
  ('13234027', 'PANIPAT SADAR'),
  ('13221064', 'PANJOKHRA'),
  ('13221068', 'PARAO AMBALA CANTT'),
  ('13227081', 'PATAUDI'),
  ('13232051', 'PEHOWA'),
  ('130204', 'PHQ-Complaint Branch'),
  ('130208', 'PHQ-CVO Cell'),
  ('130207', 'PHQ-NRI Cell'),
  ('130205', 'PHQ-SJW'),
  ('130206', 'PHQ-WSC'),
  ('13230035', 'PILLU KHERA'),
  ('13258034', 'PINANGWA'),
  ('13235061', 'PINJORE'),
  ('13221061', 'PINJORE'),
  ('132380606', 'PO STAFF SIRSA'),
  ('13234028', 'Police Station Tehsil Camp Panipat'),
  ('13238074', 'Police Station,Civil Line Sirsa'),
  ('13225099', 'Polilce Station B.P.T.P.'),
  ('13240038', 'PRATAP NAGAR'),
  ('13258031', 'PS Akera'),
  ('13258032', 'PS City Firozpur Jhirka'),
  ('13258033', 'PS City Punhana'),
  ('13225103', 'PS Cyber Crime Ballabgarh'),
  ('13225102', 'PS Cyber Crime Central'),
  ('13225101', 'PS Cyber Crime NIT'),
  ('13258096', 'PS Cyber Crime Nuh(Mewat)'),
  ('13259008', 'PS Cyber Crime, Charkhi Dadri'),
  ('13260086', 'PS Cyber Crime, District Palwal'),
  ('13261007', 'PS CYBER CRIME, HANSI'),
  ('13257032', 'PS Cyber Jhajjar'),
  ('13227113', 'PS Cyber Manesar'),
  ('13239087', 'PS Cyber Sonipat'),
  ('13227115', 'PS Cyber South'),
  ('13227114', 'PS Cyber West'),
  ('13230064', 'PS Cyber, District Jind'),
  ('13264722', 'PS HSEnB Bhiwani'),
  ('13264720', 'PS HSEnB Charkhi Dadri'),
  ('13264715', 'PS HSEnB Fatehabad'),
  ('13264719', 'PS HSEnB Jhajjar'),
  ('13264718', 'PS HSEnB Kaithal'),
  ('13264709', 'PS HSEnB Kurukshetra'),
  ('13264714', 'PS HSEnB Mahendergarh'),
  ('13264713', 'PS HSEnB Nuh'),
  ('13264712', 'PS HSEnB Palwal'),
  ('13264710', 'PS HSEnB Panchkula'),
  ('13264717', 'PS HSEnB Panipat'),
  ('13264716', 'PS HSEnB Sirsa'),
  ('13264721', 'PS HSEnB Sonipat'),
  ('13264711', 'PS HSEnB Yamunanagar'),
  ('13223083', 'PS INDUSTRIAL AREA, BHIWANI'),
  ('13258030', 'PS Mohammadpur Ahir'),
  ('13258097', 'PS Traffic (KMP) Dhulawat'),
  ('13261006', 'PS Traffic Hansi'),
  ('13228036', 'PUNDRI'),
  ('13227084', 'PUNHANA'),
  ('13258084', 'PUNHANA'),
  ('13237033', 'PURANI SABZI MANDI ROHTAK'),
  ('13234074', 'Quilla Panipat'),
  ('13240041', 'RADAUR'),
  ('13239066', 'RAI'),
  ('13235065', 'RAIPUR RANI'),
  ('13221065', 'RAIPUR RANI'),
  ('13228046', 'RAJAUND'),
  ('13227075', 'RAJENDRA PARK'),
  ('13231083', 'RAM NAGAR KARNAL'),
  ('13236051', 'RAMPURA'),
  ('13238061', 'RANIA'),
  ('13256021', 'RATTIA'),
  ('13820005', 'REWARI'),
  ('132361301', 'REWARI - CRIME CELL'),
  ('132361401', 'REWARI - DISTRICT CID'),
  ('132361701', 'REWARI - DISTRICT CONTROL ROOM (DCR)'),
  ('132362001', 'REWARI - DISTRICT SPECIAL CELL'),
  ('132361201', 'REWARI - ECONOMIC OFFENCES WING (EOW)'),
  ('132362101', 'REWARI - MODUS OPERANDI CELL'),
  ('132362401', 'REWARI - OPERATIONS CELL'),
  ('132361501', 'REWARI - WOMEN CHILD SUPPORT UNIT (WCSU)'),
  ('13236050', 'REWARI CITY'),
  ('13236055', 'REWARI SADAR'),
  ('13236056', 'ROHADAI'),
  ('13820003', 'ROHTAK'),
  ('132371301', 'ROHTAK - CRIME CELL'),
  ('132371401', 'ROHTAK - DISTRICT CID'),
  ('132371701', 'ROHTAK - DISTRICT CONTROL ROOM (DCR)'),
  ('132372001', 'ROHTAK - DISTRICT SPECIAL CELL'),
  ('132371201', 'ROHTAK - ECONOMIC OFFENCES WING (EOW)'),
  ('132372101', 'ROHTAK - MODUS OPERANDI CELL'),
  ('132372401', 'ROHTAK - OPERATIONS CELL'),
  ('132371501', 'ROHTAK - WOMEN CHILD SUPPORT UNIT (WCSU)'),
  ('13237061', 'ROHTAK CITY'),
  ('13237062', 'ROHTAK CIVIL LINES'),
  ('5000000743', 'ROHTAK RANGE'),
  ('5000000744', 'ROHTAK RANGE ,ROHTAK'),
  ('13237065', 'ROHTAK SADAR'),
  ('13238063', 'RORI'),
  ('13265006', 'RORI'),
  ('13258038', 'ROZKA MEO'),
  ('132300407', 'RTI Branch DPO Jind'),
  ('13225065', 'S.G.M. NAGAR (SANJAY GANDHI MEMORIAL NAGAR)'),
  ('5000001667', 'S.P.'),
  ('13257020', 'SADAR BAHADURGARH'),
  ('13256023', 'SADAR FATEHABAD'),
  ('13257010', 'SADAR JHAJJAR'),
  ('13233035', 'SADAR KANINA'),
  ('13233082', 'SADAR MAHENDERGARH'),
  ('13233054', 'SADAR NARNAUL'),
  ('13258071', 'SADAR NUH'),
  ('13260081', 'SADAR PALWAL'),
  ('13258093', 'SADAR TAURU'),
  ('13256022', 'SADAR TOHANA'),
  ('13240044', 'SADHAURA'),
  ('13230051', 'SAFIDON'),
  ('13221069', 'SAHA'),
  ('13257021', 'SAHLAWAS'),
  ('13234071', 'SAMALKHA'),
  ('13237076', 'SAMPLA'),
  ('13234003', 'SANOLI'),
  ('13225087', 'SARAI KHAWAJA'),
  ('13225088', 'SARAN'),
  ('13233080', 'SATNALI'),
  ('13240052', 'SEC.17 HUDA, JAGADHRI YAMUNANAGAR'),
  ('13236062', 'SEC-6, DHARUHERA'),
  ('13227106', 'SECTOR - 37'),
  ('13227103', 'SECTOR - 50'),
  ('13227104', 'SECTOR - 53'),
  ('13225089', 'SECTOR - 7'),
  ('13227101', 'SECTOR - 9A'),
  ('13234076', 'SECTOR 13/17 PANIPAT'),
  ('13231084', 'SECTOR 32-33 KARNAL'),
  ('13257025', 'SECTOR-06 BAHADURGRH'),
  ('13227085', 'SECTOR-10'),
  ('13227092', 'SECTOR-14, Gurugram'),
  ('13235064', 'SECTOR-14, PANCHKULA'),
  ('13225094', 'SECTOR-17'),
  ('13227090', 'SECTOR-17 / 18'),
  ('13235066', 'SECTOR-20'),
  ('13239009', 'SECTOR-27, SONIPAT'),
  ('13227097', 'SECTOR-29'),
  ('13225085', 'SECTOR-31 FARIDABAD'),
  ('13227087', 'SECTOR-40'),
  ('13227086', 'SECTOR-5, GURGAON'),
  ('13225066', 'SECTOR-55'),
  ('13227088', 'SECTOR-56'),
  ('13227110', 'Sector-65'),
  ('13235073', 'SECTOR-7, PANCHKULA'),
  ('13221072', 'SECTOR-9, AMBALA CITY'),
  ('132300403', 'Senior Citizen Cell DPO Jind'),
  ('13232071', 'SHAHABAD'),
  ('13221067', 'SHAHZADPUR'),
  ('13237078', 'SHIVAJI COLONY'),
  ('13227100', 'SHIVAJI NAGAR'),
  ('132381301', 'SIRSA - CRIME CELL'),
  ('132381401', 'SIRSA - DISTRICT CID'),
  ('132381701', 'SIRSA - DISTRICT CONTROL ROOM (DCR)'),
  ('132382001', 'SIRSA - DISTRICT SPECIAL CELL'),
  ('132381201', 'SIRSA - ECONOMIC OFFENCES WING (EOW)'),
  ('132382101', 'SIRSA - MODUS OPERANDI CELL'),
  ('132382401', 'SIRSA - OPERATIONS CELL'),
  ('132381501', 'SIRSA - WOMEN CHILD SUPPORT UNIT (WCSU)'),
  ('13238065', 'SIRSA CITY'),
  ('13238071', 'SIRSA SADAR'),
  ('132393002', 'SIT Gohana'),
  ('132393003', 'SIT Sonipat'),
  ('13228052', 'SIWAN'),
  ('13223075', 'SIWANI'),
  ('13227089', 'SOHNA'),
  ('132391301', 'SONIPAT - CRIME CELL'),
  ('132391401', 'SONIPAT - DISTRICT CID'),
  ('132391701', 'SONIPAT - DISTRICT CONTROL ROOM (DCR)'),
  ('132392001', 'SONIPAT - DISTRICT SPECIAL CELL'),
  ('132391201', 'SONIPAT - ECONOMIC OFFENCES WING (EOW)'),
  ('132392101', 'SONIPAT - MODUS OPERANDI CELL'),
  ('132392401', 'SONIPAT - OPERATIONS CELL'),
  ('132391501', 'SONIPAT - WOMEN CHILD SUPPORT UNIT (WCSU)'),
  ('13239071', 'SONIPAT CITY'),
  ('13239076', 'SONIPAT SADAR'),
  ('5000000745', 'SOUTH RANGE REWARI'),
  ('132350405', 'SP,Cyber Crime,Haryana,Panchkula'),
  ('132273004', 'Special Cell Sec-10'),
  ('1322813001', 'SPECIAL DETECTIVE UNIT, Kaithal'),
  ('132393004', 'Special Staff'),
  ('132583002', 'Special Staff Nuh'),
  ('132343003', 'Special Staff-1 Panipat'),
  ('132343004', 'Special Staff-2 Panipat'),
  ('13227117', 'Special Task Force  Central Unit Gurugram'),
  ('13227118', 'Special Task Force  Headquarters Gurugram'),
  ('13221074', 'Special Task Force  Unit Ambala'),
  ('13257033', 'Special Task Force  Unit Bahadurgarh'),
  ('13227116', 'Special Task Force  Unit Gurugram'),
  ('13229096', 'Special Task Force  Unit Hisar'),
  ('13231088', 'Special Task Force  Unit Karnal'),
  ('13260087', 'Special Task Force  Unit Palwal'),
  ('13237083', 'Special Task Force  Unit Rohtak'),
  ('13239088', 'Special Task Force  Unit Sonipat'),
  ('132220401', 'State Vigilance & Anti Corruption Bureau, Haryana'),
  ('132221301', 'STATE VIGILANCE BUREAU - CRIME CELL'),
  ('132221401', 'STATE VIGILANCE BUREAU - DISTRICT CID'),
  ('132221701', 'STATE VIGILANCE BUREAU - DISTRICT CONTROL ROOM (DCR)'),
  ('132222001', 'STATE VIGILANCE BUREAU - DISTRICT SPECIAL CELL'),
  ('132221201', 'STATE VIGILANCE BUREAU - ECONOMIC OFFENCES WING (EOW)'),
  ('132222101', 'STATE VIGILANCE BUREAU - MODUS OPERANDI CELL'),
  ('132222401', 'STATE VIGILANCE BUREAU - OPERATIONS CELL'),
  ('132221501', 'STATE VIGILANCE BUREAU - WOMEN CHILD SUPPORT UNIT (WCSU)'),
  ('13263005', 'STF (NDPS) UNIT, SIRSA'),
  ('13263003', 'STF COBRA UNIT, GURUGRAM'),
  ('13263004', 'STF HAWK (CYBER CELL), GURUGRAM'),
  ('13263006', 'STF JAGUAR UNIT, HISAR'),
  ('13263001', 'STF LEOPARD UNIT, SONIPAT'),
  ('13263011', 'STF PANTHER UNIT, BAHADURGARH'),
  ('13263009', 'STF TEAM, NARNAUL'),
  ('13263008', 'STF TEAM, PANCHKULA'),
  ('13263010', 'STF TEAM, ROHTAK'),
  ('13263012', 'STF UNIT AMBALA'),
  ('13263014', 'STF UNIT CENTRAL HQ GURUGRAM'),
  ('13263013', 'STF UNIT PALWAL'),
  ('13263007', 'STF UNIT, KARNAL'),
  ('13263002', 'STF UNIT-2, SONIPAT'),
  ('13265401', 'Superintendent of police Dabwali'),
  ('132210402', 'SUPERINTENDENT OF POLICE, AMBALA'),
  ('132230401', 'Superintendent of Police, Bhiwani'),
  ('132590401', 'SUPERINTENDENT OF POLICE, CHARKHI DADRI'),
  ('132560401', 'Superintendent of Police, Fatehabad'),
  ('132260401', 'Superintendent of Police, GRP, Ambala Cantt'),
  ('13264401', 'Superintendent of Police, Haryana State Enforcement Bureau (HSEnB), Panchkula'),
  ('1313201', 'Superintendent of Police, Haryana State Narcotics Control Bureau,Madhuban Karnal'),
  ('132290401', 'Superintendent of Police, Hisar'),
  ('132570401', 'Superintendent of Police, Jhajjar'),
  ('132300401', 'Superintendent of Police, Jind'),
  ('132280401', 'Superintendent of Police, Kaithal'),
  ('132320401', 'Superintendent of Police, Kurukshetra'),
  ('132330401', 'Superintendent of Police, Mahendragarh'),
  ('132580401', 'Superintendent of Police, Mewat'),
  ('132600401', 'Superintendent of Police, Palwal'),
  ('132340401', 'Superintendent of Police, Panipat'),
  ('132360401', 'Superintendent of Police, Rewari'),
  ('132370401', 'Superintendent of Police, Rohtak'),
  ('132380401', 'Superintendent of Police, Sirsa'),
  ('132400401', 'Superintendent of Police, YamunaNagar'),
  ('132310401', 'Superintendent of Police,Karnal'),
  ('132610401', 'Suprintendent of police, HANSI'),
  ('13225090', 'SURAJ KUND'),
  ('13227091', 'SUSHANT LOK'),
  ('13231080', 'TARAORI'),
  ('13227093', 'TAURU'),
  ('13232073', 'THANESAR CITY'),
  ('13232076', 'THANESAR SADAR'),
  ('13225076', 'TIGAON'),
  ('13228053', 'TITRAM'),
  ('13223081', 'TOSHAM'),
  ('13225077', 'TRAFFIC'),
  ('13223080', 'TRAFFIC'),
  ('13221070', 'TRAFFIC'),
  ('13228054', 'TRAFFIC'),
  ('13229090', 'TRAFFIC'),
  ('13230056', 'TRAFFIC'),
  ('13232072', 'TRAFFIC'),
  ('13231081', 'TRAFFIC'),
  ('13233081', 'TRAFFIC'),
  ('13234073', 'TRAFFIC'),
  ('13260082', 'TRAFFIC'),
  ('13258092', 'TRAFFIC'),
  ('13240046', 'TRAFFIC'),
  ('13256026', 'TRAFFIC'),
  ('13238072', 'TRAFFIC'),
  ('13239077', 'TRAFFIC'),
  ('13237079', 'TRAFFIC'),
  ('13236061', 'TRAFFIC'),
  ('13235071', 'TRAFFIC'),
  ('13227094', 'TRAFFIC - I'),
  ('13227096', 'TRAFFIC - II'),
  ('13257024', 'TRAFFIC BAHADURGARH'),
  ('132270413', 'TRAFFIC CHALLAN BRANCH GURUGRAM'),
  ('13239008', 'TRAFFIC MURTHAL'),
  ('13227112', 'TRAFFIC PS KMP, GURUGRAM'),
  ('139631301', 'TRANSPORT DEPT - CRIME CELL'),
  ('139631401', 'TRANSPORT DEPT - DISTRICT CID'),
  ('139631701', 'TRANSPORT DEPT - DISTRICT CONTROL ROOM (DCR)'),
  ('139632001', 'TRANSPORT DEPT - DISTRICT SPECIAL CELL'),
  ('139631201', 'TRANSPORT DEPT - ECONOMIC OFFENCES WING (EOW)'),
  ('139632101', 'TRANSPORT DEPT - MODUS OPERANDI CELL'),
  ('139632401', 'TRANSPORT DEPT - OPERATIONS CELL'),
  ('139631501', 'TRANSPORT DEPT - WOMEN CHILD SUPPORT UNIT (WCSU)'),
  ('13963001', 'TRANSPORT DEPT, HARYANA'),
  ('13230061', 'UCHANA'),
  ('13227095', 'UDYOG VIHAR'),
  ('13229094', 'UKLANA'),
  ('13241505', 'Unit Ambala/Hsncb'),
  ('13241513', 'Unit Bhiwani/Hsncb'),
  ('13241515', 'Unit Dabwali/Hsncb'),
  ('13241514', 'Unit Faridabad/Hsncb'),
  ('13241509', 'Unit Fatehabad/Hsncb'),
  ('13241511', 'Unit Gurugram/Hsncb'),
  ('13241508', 'Unit Hisar/Hsncb'),
  ('13241507', 'Unit Karnal/Hsncb'),
  ('13241506', 'Unit Kurukshetra/Hsncb'),
  ('13241516', 'Unit Rewari/Hsncb'),
  ('13241512', 'Unit Rohtak/Hsncb'),
  ('13241510', 'Unit Sirsa/Hsncb'),
  ('13229008', 'URBAN ESTATE HISAR'),
  ('13237080', 'URBAN ESTATE ROHTAK'),
  ('13260085', 'UTAWAR'),
  ('1323112901', 'Women Cell Karnal'),
  ('1322812902', 'Women Cell, Kaithal'),
  ('132350406', 'Women Cell, Panchkula'),
  ('132271502', 'WOMEN CELL,EAST GURGAON'),
  ('132271501', 'WOMEN CELL,SOUTH GURGAON'),
  ('132271503', 'WOMEN CELL,WEST GURGAON'),
  ('13239082', 'WOMEN POLICE STATION'),
  ('13231082', 'Women Police Station Assand,Karnal'),
  ('13225092', 'Women Police Station Ballabgarh'),
  ('13238073', 'Women Police Station Dabwali,Sirsa'),
  ('13265007', 'Women Police Station Dabwali,Sirsa'),
  ('13227001', 'Women Police Station Manesar,Gurugram'),
  ('13221071', 'WOMEN POLICE STATION NARAINGARH, AMBALA'),
  ('13225093', 'Women Police Station NIT,Faridabad'),
  ('13221004', 'WOMEN POLICE STATION, AMBALA'),
  ('13223006', 'WOMEN POLICE STATION, BHIWANI'),
  ('13259001', 'Women Police Station, Charkhi Dadri'),
  ('13225002', 'WOMEN POLICE STATION, FARIDABAD'),
  ('13256004', 'WOMEN POLICE STATION, FATEHABAD'),
  ('13227002', 'WOMEN POLICE STATION, GURGAON'),
  ('13261001', 'Women Police Station, HANSI'),
  ('13229002', 'WOMEN POLICE STATION, HISSAR'),
  ('13257004', 'WOMEN POLICE STATION, JHAJJAR'),
  ('13230002', 'WOMEN POLICE STATION, JIND'),
  ('13228006', 'WOMEN POLICE STATION, KAITHAL'),
  ('13231004', 'WOMEN POLICE STATION, KARNAL'),
  ('13232023', 'WOMEN POLICE STATION, KURUKSHETRA'),
  ('13258036', 'WOMEN POLICE STATION, MEWAT'),
  ('13233004', 'WOMEN POLICE STATION, NARNAUL'),
  ('13260008', 'WOMEN POLICE STATION, PALWAL'),
  ('13235019', 'WOMEN POLICE STATION, PANCHKULA'),
  ('13234004', 'WOMEN POLICE STATION, PANIPAT'),
  ('13236004', 'WOMEN POLICE STATION, REWARI'),
  ('13237030', 'WOMEN POLICE STATION, ROHTAK'),
  ('13238006', 'WOMEN POLICE STATION, SIRSA'),
  ('13240004', 'WOMEN POLICE STATION, YAMUNA NAGAR'),
  ('13257031', 'WOMEN PS BAHADURGARH,JHAJJAR'),
  ('13239086', 'Women PS Gohana'),
  ('13239083', 'WOMEN PS KHANPUR KALAN'),
  ('13227111', 'Women West Gurugram'),
  ('132401301', 'YAMUNA NAGAR - CRIME CELL'),
  ('132401401', 'YAMUNA NAGAR - DISTRICT CID'),
  ('132401701', 'YAMUNA NAGAR - DISTRICT CONTROL ROOM (DCR)'),
  ('132402001', 'YAMUNA NAGAR - DISTRICT SPECIAL CELL'),
  ('132401201', 'YAMUNA NAGAR - ECONOMIC OFFENCES WING (EOW)'),
  ('132402101', 'YAMUNA NAGAR - MODUS OPERANDI CELL'),
  ('132402401', 'YAMUNA NAGAR - OPERATIONS CELL'),
  ('132401501', 'YAMUNA NAGAR - WOMEN CHILD SUPPORT UNIT (WCSU)'),
  ('13240050', 'YAMUNA NAGAR CITY'),
  ('13240051', 'YAMUNA NAGAR SADAR'),
  ('130201', 'Zonal Office'),
  ('13233047', 'सिटि महेन्दरगढ़') ON CONFLICT (id) DO UPDATE SET name = EXCLUDED.name;

INSERT INTO police_stations (id, district_id, district_name, name) VALUES
  ('13221005', '13221', 'AMBALA', 'AMBALA CANTT'),
  ('13221008', '13221', 'AMBALA', 'AMBALA CITY'),
  ('13221011', '13221', 'AMBALA', 'AMBALA SADAR'),
  ('13221014', '13221', 'AMBALA', 'BALDEV NAGAR'),
  ('13221016', '13221', 'AMBALA', 'BARARA'),
  ('13221049', '13221', 'AMBALA', 'MAHESH NAGAR'),
  ('13221050', '13221', 'AMBALA', 'MULLANA'),
  ('13221054', '13221', 'AMBALA', 'NAGGAL'),
  ('13221055', '13221', 'AMBALA', 'NARAINGARH'),
  ('13221064', '13221', 'AMBALA', 'PANJOKHRA'),
  ('13221068', '13221', 'AMBALA', 'PARAO AMBALA CANTT'),
  ('13221073', '13221', 'AMBALA', 'PS CYBER CRIME AMBALA'),
  ('13221069', '13221', 'AMBALA', 'SAHA'),
  ('13221072', '13221', 'AMBALA', 'SECTOR-9, AMBALA CITY'),
  ('13221067', '13221', 'AMBALA', 'SHAHZADPUR'),
  ('13221074', '13221', 'AMBALA', 'Special Task Force  Unit Ambala'),
  ('13221070', '13221', 'AMBALA', 'TRAFFIC'),
  ('13221071', '13221', 'AMBALA', 'WOMEN POLICE STATION NARAINGARH, AMBALA'),
  ('13221004', '13221', 'AMBALA', 'WOMEN POLICE STATION, AMBALA'),
  ('13223011', '13223', 'BHIWANI', 'BAWANI KHERA'),
  ('13223015', '13223', 'BHIWANI', 'BEHAL'),
  ('13223021', '13223', 'BHIWANI', 'BHIWANI CITY'),
  ('13223022', '13223', 'BHIWANI', 'BHIWANI CIVIL LINES'),
  ('13223024', '13223', 'BHIWANI', 'BHIWANI SADAR'),
  ('13223025', '13223', 'BHIWANI', 'BOND KALAN'),
  ('13223084', '13223', 'BHIWANI', 'Cyber Crime Police Station, Bhiwani'),
  ('13223028', '13223', 'BHIWANI', 'DADRI CITY'),
  ('13223031', '13223', 'BHIWANI', 'DADRI SADAR'),
  ('13223082', '13223', 'BHIWANI', 'JUI KALAN PS BHIWANI'),
  ('13223051', '13223', 'BHIWANI', 'LOHARU'),
  ('13223083', '13223', 'BHIWANI', 'PS INDUSTRIAL AREA, BHIWANI'),
  ('13223075', '13223', 'BHIWANI', 'SIWANI'),
  ('13223081', '13223', 'BHIWANI', 'TOSHAM'),
  ('13223080', '13223', 'BHIWANI', 'TRAFFIC'),
  ('13223006', '13223', 'BHIWANI', 'WOMEN POLICE STATION, BHIWANI'),
  ('13259006', '13259', 'CHARKHI DADRI', 'BADHRA'),
  ('13259005', '13259', 'CHARKHI DADRI', 'BOND KALAN'),
  ('13259002', '13259', 'CHARKHI DADRI', 'DADRI CITY'),
  ('13259003', '13259', 'CHARKHI DADRI', 'DADRI SADAR'),
  ('13259007', '13259', 'CHARKHI DADRI', 'JHOJHU KALAN'),
  ('13259008', '13259', 'CHARKHI DADRI', 'PS Cyber Crime, Charkhi Dadri'),
  ('13259001', '13259', 'CHARKHI DADRI', 'Women Police Station, Charkhi Dadri'),
  ('13265001', '13265', 'DABWALI', 'BARAGUDHA'),
  ('13265002', '13265', 'DABWALI', 'CITY MANDI DABWALI'),
  ('13265003', '13265', 'DABWALI', 'DABWALI SADAR'),
  ('13265004', '13265', 'DABWALI', 'KALAN WALI'),
  ('13265005', '13265', 'DABWALI', 'ODHAN'),
  ('13265006', '13265', 'DABWALI', 'RORI'),
  ('13265007', '13265', 'DABWALI', 'Women Police Station Dabwali,Sirsa'),
  ('13225097', '13225', 'FARIDABAD', 'ADARSH NAGAR'),
  ('13225003', '13225', 'FARIDABAD', 'BALLABHGARH CITY'),
  ('13225007', '13225', 'FARIDABAD', 'BALLABHGARH SADAR'),
  ('13225008', '13225', 'FARIDABAD', 'BHUPANI'),
  ('13225012', '13225', 'FARIDABAD', 'CHHANSA'),
  ('13225095', '13225', 'FARIDABAD', 'DABUA'),
  ('13225098', '13225', 'FARIDABAD', 'DHAUJ'),
  ('13225021', '13225', 'FARIDABAD', 'FARIDABAD CENTRAL'),
  ('13225026', '13225', 'FARIDABAD', 'FARIDABAD KOTWALI'),
  ('13225031', '13225', 'FARIDABAD', 'FARIDABAD N.I.T.'),
  ('13225035', '13225', 'FARIDABAD', 'FARIDABAD OLD'),
  ('13225091', '13225', 'FARIDABAD', 'KHERIPUL'),
  ('13225100', '13225', 'FARIDABAD', 'Metro Police Station Faridabad'),
  ('13225061', '13225', 'FARIDABAD', 'MUJESAR'),
  ('13225096', '13225', 'FARIDABAD', 'PALLA'),
  ('13225099', '13225', 'FARIDABAD', 'Polilce Station B.P.T.P.'),
  ('13225103', '13225', 'FARIDABAD', 'PS Cyber Crime Ballabgarh'),
  ('13225102', '13225', 'FARIDABAD', 'PS Cyber Crime Central'),
  ('13225101', '13225', 'FARIDABAD', 'PS Cyber Crime NIT'),
  ('13225065', '13225', 'FARIDABAD', 'S.G.M. NAGAR (SANJAY GANDHI MEMORIAL NAGAR)'),
  ('13225087', '13225', 'FARIDABAD', 'SARAI KHAWAJA'),
  ('13225088', '13225', 'FARIDABAD', 'SARAN'),
  ('13225089', '13225', 'FARIDABAD', 'SECTOR - 8'),
  ('13225094', '13225', 'FARIDABAD', 'SECTOR-17'),
  ('13225085', '13225', 'FARIDABAD', 'SECTOR-31 FARIDABAD'),
  ('13225066', '13225', 'FARIDABAD', 'SECTOR-58'),
  ('13225090', '13225', 'FARIDABAD', 'SURAJ KUND'),
  ('13225076', '13225', 'FARIDABAD', 'TIGAON'),
  ('13225077', '13225', 'FARIDABAD', 'TRAFFIC'),
  ('13225092', '13225', 'FARIDABAD', 'Women Police Station Ballabgarh'),
  ('13225093', '13225', 'FARIDABAD', 'Women Police Station NIT,Faridabad'),
  ('13225002', '13225', 'FARIDABAD', 'WOMEN POLICE STATION, FARIDABAD'),
  ('13256005', '13256', 'FATEHABAD', 'BHATTU KALAN'),
  ('13256006', '13256', 'FATEHABAD', 'BHUNA'),
  ('13256007', '13256', 'FATEHABAD', 'CITY FATEHABAD'),
  ('13256027', '13256', 'FATEHABAD', 'CITY RATIA'),
  ('13256009', '13256', 'FATEHABAD', 'CITY TOHANA'),
  ('13256028', '13256', 'FATEHABAD', 'Cyber Crime Police Station Fatehabad'),
  ('13256010', '13256', 'FATEHABAD', 'JAKHAL'),
  ('13256023', '13256', 'FATEHABAD', 'SADAR FATEHABAD'),
  ('13256021', '13256', 'FATEHABAD', 'SADAR RATTIA'),
  ('13256022', '13256', 'FATEHABAD', 'SADAR TOHANA'),
  ('13256026', '13256', 'FATEHABAD', 'TRAFFIC'),
  ('13256004', '13256', 'FATEHABAD', 'WOMEN POLICE STATION, FATEHABAD'),
  ('13226005', '13226', 'GRP AMBALA CANTT', 'GRP AMBALA Cantt'),
  ('13226004', '13226', 'GRP AMBALA CANTT', 'GRP BAHADURGARH'),
  ('13226001', '13226', 'GRP AMBALA CANTT', 'GRP CHANDIGARH'),
  ('13226015', '13226', 'GRP AMBALA CANTT', 'GRP FARIDABAD'),
  ('13226006', '13226', 'GRP AMBALA CANTT', 'GRP GURUGRAM'),
  ('13226021', '13226', 'GRP AMBALA CANTT', 'GRP HISAR'),
  ('13226003', '13226', 'GRP AMBALA CANTT', 'GRP JAGADHARI'),
  ('13226031', '13226', 'GRP AMBALA CANTT', 'GRP JIND'),
  ('13226041', '13226', 'GRP AMBALA CANTT', 'GRP KALKA'),
  ('13226045', '13226', 'GRP AMBALA CANTT', 'GRP KARNAL'),
  ('13226050', '13226', 'GRP AMBALA CANTT', 'GRP KURUKSHETRA'),
  ('13226002', '13226', 'GRP AMBALA CANTT', 'GRP PANIPAT'),
  ('13226071', '13226', 'GRP AMBALA CANTT', 'GRP REWARI'),
  ('13226075', '13226', 'GRP AMBALA CANTT', 'GRP ROHTAK'),
  ('13226080', '13226', 'GRP AMBALA CANTT', 'GRP SIRSA'),
  ('13226085', '13226', 'GRP AMBALA CANTT', 'GRP SONIPAT'),
  ('13227003', '13227', 'GURUGRAM', 'BADSHAHPUR'),
  ('13227102', '13227', 'GURUGRAM', 'BAJGHERA'),
  ('13227004', '13227', 'GURUGRAM', 'BHONDSI'),
  ('13227020', '13227', 'GURUGRAM', 'BILASPUR GURUGRAM'),
  ('13227105', '13227', 'GURUGRAM', 'CITY SOHANA'),
  ('13227023', '13227', 'GURUGRAM', 'CIVIL LINES GURGAON'),
  ('13227108', '13227', 'GURUGRAM', 'Cyber Crime Police Station, Gurugram'),
  ('13227032', '13227', 'GURUGRAM', 'DLF'),
  ('13227109', '13227', 'GURUGRAM', 'DLF PH-3rd'),
  ('13227033', '13227', 'GURUGRAM', 'DLF PHASE-1'),
  ('13227031', '13227', 'GURUGRAM', 'DLF-II'),
  ('13227041', '13227', 'GURUGRAM', 'FURRUKH NAGAR'),
  ('13227046', '13227', 'GURUGRAM', 'GURGAON CITY'),
  ('13227051', '13227', 'GURUGRAM', 'GURGAON SADAR'),
  ('13227107', '13227', 'GURUGRAM', 'INDUSTRIAL SECTOR - 7, MANESAR'),
  ('13227061', '13227', 'GURUGRAM', 'KHEDKI DAULA'),
  ('13227065', '13227', 'GURUGRAM', 'MANESAR'),
  ('13227098', '13227', 'GURUGRAM', 'METRO'),
  ('13227099', '13227', 'GURUGRAM', 'NEW COLONY'),
  ('13227080', '13227', 'GURUGRAM', 'PALAM VIHAR'),
  ('13227081', '13227', 'GURUGRAM', 'PATAUDI'),
  ('13227113', '13227', 'GURUGRAM', 'PS Cyber Manesar'),
  ('13227115', '13227', 'GURUGRAM', 'PS Cyber South'),
  ('13227114', '13227', 'GURUGRAM', 'PS Cyber West'),
  ('13227075', '13227', 'GURUGRAM', 'RAJENDRA PARK'),
  ('13227106', '13227', 'GURUGRAM', 'SECTOR - 37'),
  ('13227103', '13227', 'GURUGRAM', 'SECTOR - 50'),
  ('13227104', '13227', 'GURUGRAM', 'SECTOR - 53'),
  ('13227101', '13227', 'GURUGRAM', 'SECTOR - 9A'),
  ('13227085', '13227', 'GURUGRAM', 'SECTOR-10'),
  ('13227092', '13227', 'GURUGRAM', 'SECTOR-14, Gurugram'),
  ('13227090', '13227', 'GURUGRAM', 'SECTOR-17 / 18'),
  ('13227087', '13227', 'GURUGRAM', 'SECTOR-40'),
  ('13227086', '13227', 'GURUGRAM', 'SECTOR-5, GURGAON'),
  ('13227088', '13227', 'GURUGRAM', 'SECTOR-56'),
  ('13227110', '13227', 'GURUGRAM', 'SECTOR-65'),
  ('13227100', '13227', 'GURUGRAM', 'SHIVAJI NAGAR'),
  ('13227089', '13227', 'GURUGRAM', 'SOHNA'),
  ('13227117', '13227', 'GURUGRAM', 'Special Task Force  Central Unit Gurugram'),
  ('13227118', '13227', 'GURUGRAM', 'Special Task Force  Headquarters Gurugram'),
  ('13227116', '13227', 'GURUGRAM', 'Special Task Force  Unit Gurugram'),
  ('13227091', '13227', 'GURUGRAM', 'SUSHANT LOK'),
  ('13227094', '13227', 'GURUGRAM', 'TRAFFIC - I'),
  ('13227096', '13227', 'GURUGRAM', 'TRAFFIC - II'),
  ('13227112', '13227', 'GURUGRAM', 'TRAFFIC PS KMP, GURUGRAM'),
  ('13227095', '13227', 'GURUGRAM', 'UDYOG VIHAR'),
  ('13227001', '13227', 'GURUGRAM', 'WOMEN POLICE STATION MANESAR,GURUGRAM'),
  ('13227002', '13227', 'GURUGRAM', 'WOMEN POLICE STATION, GURGAON'),
  ('13227111', '13227', 'GURUGRAM', 'Women West Gurugram'),
  ('13229095', '13261', 'HANSI', 'BASS'),
  ('13229041', '13261', 'HANSI', 'HANSI CITY'),
  ('13229045', '13261', 'HANSI', 'HANSI SADAR'),
  ('13229071', '13261', 'HANSI', 'NARNAUND'),
  ('13261007', '13261', 'HANSI', 'PS CYBER CRIME, HANSI'),
  ('13261006', '13261', 'HANSI', 'PS Traffic Hansi'),
  ('13261001', '13261', 'HANSI', 'Women Police Station, HANSI'),
  ('13264701', '13264', 'Haryana State Enforcement Bureau (HSEnB)', 'HSEnB Police Station Ambala'),
  ('13264707', '13264', 'Haryana State Enforcement Bureau (HSEnB)', 'HSEnB Police Station Faridabad'),
  ('13264708', '13264', 'Haryana State Enforcement Bureau (HSEnB)', 'HSEnB Police Station Gurugram'),
  ('13264705', '13264', 'Haryana State Enforcement Bureau (HSEnB)', 'HSEnB Police Station Hisar'),
  ('13264704', '13264', 'Haryana State Enforcement Bureau (HSEnB)', 'HSEnB Police Station Jind'),
  ('13264702', '13264', 'Haryana State Enforcement Bureau (HSEnB)', 'HSEnB Police Station Karnal'),
  ('13264706', '13264', 'Haryana State Enforcement Bureau (HSEnB)', 'HSEnB Police Station Rewari'),
  ('13264703', '13264', 'Haryana State Enforcement Bureau (HSEnB)', 'HSEnB Police Station Rohtk'),
  ('13264722', '13264', 'Haryana State Enforcement Bureau (HSEnB)', 'PS HSEnB Bhiwani'),
  ('13264720', '13264', 'Haryana State Enforcement Bureau (HSEnB)', 'PS HSEnB Charkhi Dadri'),
  ('13264715', '13264', 'Haryana State Enforcement Bureau (HSEnB)', 'PS HSEnB Fatehabad'),
  ('13264719', '13264', 'Haryana State Enforcement Bureau (HSEnB)', 'PS HSEnB Jhajjar'),
  ('13264718', '13264', 'Haryana State Enforcement Bureau (HSEnB)', 'PS HSEnB Kaithal'),
  ('13264709', '13264', 'Haryana State Enforcement Bureau (HSEnB)', 'PS HSEnB Kurukshetra'),
  ('13264714', '13264', 'Haryana State Enforcement Bureau (HSEnB)', 'PS HSEnB Mahendergarh'),
  ('13264713', '13264', 'Haryana State Enforcement Bureau (HSEnB)', 'PS HSEnB Nuh'),
  ('13264712', '13264', 'Haryana State Enforcement Bureau (HSEnB)', 'PS HSEnB Palwal'),
  ('13264710', '13264', 'Haryana State Enforcement Bureau (HSEnB)', 'PS HSEnB Panchkula'),
  ('13264717', '13264', 'Haryana State Enforcement Bureau (HSEnB)', 'PS HSEnB Panipat'),
  ('13264716', '13264', 'Haryana State Enforcement Bureau (HSEnB)', 'PS HSEnB Sirsa'),
  ('13264721', '13264', 'Haryana State Enforcement Bureau (HSEnB)', 'PS HSEnB Sonipat'),
  ('13264711', '13264', 'Haryana State Enforcement Bureau (HSEnB)', 'PS HSEnB Yamunanagar'),
  ('13241001', '13241', 'HARYANA STATE NARCOTICS CONTROL BUREAU,MADHUBAN KARNAL', 'HSNCB Unit Ambala'),
  ('13241009', '13241', 'HARYANA STATE NARCOTICS CONTROL BUREAU,MADHUBAN KARNAL', 'HSNCB Unit Bhiwani'),
  ('13241002', '13241', 'HARYANA STATE NARCOTICS CONTROL BUREAU,MADHUBAN KARNAL', 'HSNCB Unit Faridabad'),
  ('13241006', '13241', 'HARYANA STATE NARCOTICS CONTROL BUREAU,MADHUBAN KARNAL', 'HSNCB Unit Fatehabad'),
  ('13241003', '13241', 'HARYANA STATE NARCOTICS CONTROL BUREAU,MADHUBAN KARNAL', 'HSNCB Unit Gurugram'),
  ('13241004', '13241', 'HARYANA STATE NARCOTICS CONTROL BUREAU,MADHUBAN KARNAL', 'HSNCB Unit Hisar'),
  ('13241005', '13241', 'HARYANA STATE NARCOTICS CONTROL BUREAU,MADHUBAN KARNAL', 'HSNCB Unit Karnal'),
  ('13241008', '13241', 'HARYANA STATE NARCOTICS CONTROL BUREAU,MADHUBAN KARNAL', 'HSNCB Unit Kurukshetra'),
  ('13241010', '13241', 'HARYANA STATE NARCOTICS CONTROL BUREAU,MADHUBAN KARNAL', 'HSNCB Unit Rewari'),
  ('13241007', '13241', 'HARYANA STATE NARCOTICS CONTROL BUREAU,MADHUBAN KARNAL', 'HSNCB Unit Rohtak'),
  ('13241011', '13241', 'HARYANA STATE NARCOTICS CONTROL BUREAU,MADHUBAN KARNAL', 'HSNCB Unit Sirsa'),
  ('13229003', '13229', 'HISAR', 'ADAMPUR'),
  ('13229005', '13229', 'HISAR', 'AGROHA'),
  ('13229006', '13229', 'HISAR', 'AZAD NAGAR HISAR'),
  ('13229011', '13229', 'HISAR', 'BARWALA'),
  ('13229012', '13229', 'HISAR', 'Cyber Crime, Police Station Hisar'),
  ('13229051', '13229', 'HISAR', 'HISAR CITY'),
  ('13229052', '13229', 'HISAR', 'HISAR CIVIL LINES'),
  ('13229055', '13229', 'HISAR', 'HISAR SADAR'),
  ('13229007', '13229', 'HISAR', 'HTM HISAR'),
  ('13229096', '13229', 'HISAR', 'Special Task Force  Unit Hisar'),
  ('13229090', '13229', 'HISAR', 'TRAFFIC'),
  ('13229094', '13229', 'HISAR', 'UKLANA'),
  ('13229008', '13229', 'HISAR', 'URBAN ESTATE HISAR'),
  ('13229002', '13229', 'HISAR', 'WOMEN POLICE STATION, HISSAR'),
  ('13257026', '13257', 'JHAJJAR', 'ASAUDA'),
  ('13257030', '13257', 'JHAJJAR', 'BADLI'),
  ('13257005', '13257', 'JHAJJAR', 'BERI'),
  ('13257007', '13257', 'JHAJJAR', 'CITY BAHADURGARH'),
  ('13257029', '13257', 'JHAJJAR', 'CITY JHAJJAR'),
  ('13257027', '13257', 'JHAJJAR', 'DUJANA'),
  ('13257015', '13257', 'JHAJJAR', 'LINE PAR BAHADURGARH'),
  ('13257028', '13257', 'JHAJJAR', 'MACHHROLI'),
  ('13257032', '13257', 'JHAJJAR', 'PS Cyber Jhajjar'),
  ('13257020', '13257', 'JHAJJAR', 'SADAR BAHADURGARH'),
  ('13257010', '13257', 'JHAJJAR', 'SADAR JHAJJAR'),
  ('13257021', '13257', 'JHAJJAR', 'SAHLAWAS'),
  ('13257025', '13257', 'JHAJJAR', 'SECTOR-06 BAHADURGRH'),
  ('13257033', '13257', 'JHAJJAR', 'Special Task Force  Unit Bahadurgarh'),
  ('13257024', '13257', 'JHAJJAR', 'TRAFFIC BAHADURGARH'),
  ('13257004', '13257', 'JHAJJAR', 'WOMEN POLICE STATION, JHAJJAR'),
  ('13257031', '13257', 'JHAJJAR', 'WOMEN PS BAHADURGARH,JHAJJAR'),
  ('13230003', '13230', 'JIND', 'ALEWA'),
  ('13230063', '13230', 'JIND', 'CITY SAFIDON'),
  ('13230062', '13230', 'JIND', 'Civil line Jind'),
  ('13230005', '13230', 'JIND', 'GARHI'),
  ('13230011', '13230', 'JIND', 'JIND CITY'),
  ('13230013', '13230', 'JIND', 'JIND SADAR'),
  ('13230015', '13230', 'JIND', 'JULANA'),
  ('13230028', '13230', 'JIND', 'NARWANA CITY'),
  ('13230031', '13230', 'JIND', 'NARWANA SADAR'),
  ('13230035', '13230', 'JIND', 'PILLU KHERA'),
  ('13230064', '13230', 'JIND', 'PS Cyber, District Jind'),
  ('13230051', '13230', 'JIND', 'SAFIDON'),
  ('13230056', '13230', 'JIND', 'TRAFFIC'),
  ('13230061', '13230', 'JIND', 'UCHANA'),
  ('13230002', '13230', 'JIND', 'WOMEN POLICE STATION, JIND'),
  ('13228055', '13228', 'KAITHAL', 'Cyber Crime Police Station Kaithal'),
  ('13228007', '13228', 'KAITHAL', 'CHEEKA'),
  ('13228008', '13228', 'KAITHAL', 'CIVIL LINE KAITHAL'),
  ('13228012', '13228', 'KAITHAL', 'Dhand'),
  ('13228016', '13228', 'KAITHAL', 'GUHLA'),
  ('13228025', '13228', 'KAITHAL', 'KAITHAL CITY'),
  ('13228027', '13228', 'KAITHAL', 'KAITHAL SADAR'),
  ('13228030', '13228', 'KAITHAL', 'KALAYAT'),
  ('13228036', '13228', 'KAITHAL', 'PUNDRI'),
  ('13228046', '13228', 'KAITHAL', 'RAJAUND'),
  ('13228052', '13228', 'KAITHAL', 'SIWAN'),
  ('13228053', '13228', 'KAITHAL', 'TITRAM'),
  ('13228054', '13228', 'KAITHAL', 'TRAFFIC'),
  ('13228006', '13228', 'KAITHAL', 'WOMEN POLICE STATION, KAITHAL'),
  ('13231005', '13231', 'KARNAL', 'ASSANDH'),
  ('13231011', '13231', 'KARNAL', 'BUTANA'),
  ('13231087', '13231', 'KARNAL', 'Cyber Crime police station karnal'),
  ('13231031', '13231', 'KARNAL', 'GHARAUNDA'),
  ('13231041', '13231', 'KARNAL', 'INDRI'),
  ('13231051', '13231', 'KARNAL', 'KARNAL CITY'),
  ('13231053', '13231', 'KARNAL', 'KARNAL CIVIL LINES'),
  ('13231056', '13231', 'KARNAL', 'KARNAL SADAR'),
  ('13231058', '13231', 'KARNAL', 'KUNJPURA'),
  ('13231062', '13231', 'KARNAL', 'MADHUBAN'),
  ('13231086', '13231', 'KARNAL', 'MUNAK, KARNAL'),
  ('13231085', '13231', 'KARNAL', 'NIGDHU KARNAL'),
  ('13231065', '13231', 'KARNAL', 'NISSING'),
  ('13231083', '13231', 'KARNAL', 'RAM NAGAR KARNAL'),
  ('13231084', '13231', 'KARNAL', 'SECTOR 32-33 KARNAL'),
  ('13231088', '13231', 'KARNAL', 'Special Task Force  Unit Karnal'),
  ('13231080', '13231', 'KARNAL', 'TARAORI'),
  ('13231081', '13231', 'KARNAL', 'TRAFFIC'),
  ('13231082', '13231', 'KARNAL', 'Women Police Station Assand,Karnal'),
  ('13231004', '13231', 'KARNAL', 'WOMEN POLICE STATION, KARNAL'),
  ('13232024', '13232', 'KURUKSHETRA', 'BABAIN'),
  ('13232078', '13232', 'KURUKSHETRA', 'CITY PEHOWA, KURUKSHETRA'),
  ('13232022', '13232', 'KURUKSHETRA', 'CYBER CRIME POLICE STATION, KURUKSHETRA'),
  ('13232026', '13232', 'KURUKSHETRA', 'ISMAILABAD'),
  ('13232025', '13232', 'KURUKSHETRA', 'JHANSA'),
  ('13232077', '13232', 'KURUKSHETRA', 'KRISHANA GATE, THANASAR KURUKSHETRA'),
  ('13232030', '13232', 'KURUKSHETRA', 'KURUKSHETRA UNIVERSITY'),
  ('13232041', '13232', 'KURUKSHETRA', 'LADWA'),
  ('13232051', '13232', 'KURUKSHETRA', 'PEHOWA'),
  ('13232071', '13232', 'KURUKSHETRA', 'SHAHABAD'),
  ('13232073', '13232', 'KURUKSHETRA', 'THANESAR CITY'),
  ('13232076', '13232', 'KURUKSHETRA', 'THANESAR SADAR'),
  ('13232072', '13232', 'KURUKSHETRA', 'TRAFFIC'),
  ('13232023', '13232', 'KURUKSHETRA', 'WOMEN POLICE STATION, KURUKSHETRA'),
  ('13233005', '13233', 'MAHENDERGARH', 'ATELI'),
  ('13233006', '13233', 'MAHENDERGARH', 'CITY KANINA'),
  ('13233047', '13233', 'MAHENDERGARH', 'CITY MAHENDERGARH'),
  ('13233008', '13233', 'MAHENDERGARH', 'CITY NARNAUL'),
  ('13233083', '13233', 'MAHENDERGARH', 'CYBER POLICE STATION, MAHENDERGARH'),
  ('13233051', '13233', 'MAHENDERGARH', 'NANGAL CHAUDHRI'),
  ('13233009', '13233', 'MAHENDERGARH', 'NIZAMPUR'),
  ('13233035', '13233', 'MAHENDERGARH', 'SADAR KANINA'),
  ('13233082', '13233', 'MAHENDERGARH', 'SADAR MAHENDERGARH'),
  ('13233054', '13233', 'MAHENDERGARH', 'SADAR NARNAUL'),
  ('13233080', '13233', 'MAHENDERGARH', 'SATNALI'),
  ('13233081', '13233', 'MAHENDERGARH', 'TRAFFIC'),
  ('13233004', '13233', 'MAHENDERGARH', 'WOMEN POLICE STATION, NARNAUL'),
  ('13258035', '13258', 'NUH', 'BICCHOR'),
  ('13258094', '13258', 'NUH', 'CITY NUH'),
  ('13258095', '13258', 'NUH', 'CITY TAURU'),
  ('13258037', '13258', 'NUH', 'FEROZEPUR JHIRKA'),
  ('13258068', '13258', 'NUH', 'NAGINA'),
  ('13258034', '13258', 'NUH', 'PINANGWA'),
  ('13258031', '13258', 'NUH', 'PS Akera'),
  ('13258032', '13258', 'NUH', 'PS City Firozpur Jhirka'),
  ('13258033', '13258', 'NUH', 'PS City Punhana'),
  ('13258096', '13258', 'NUH', 'PS Cyber Crime Nuh(Mewat)'),
  ('13258030', '13258', 'NUH', 'PS Mohammadpur Ahir'),
  ('13258097', '13258', 'NUH', 'PS Traffic (KMP) Dhulawat'),
  ('13258084', '13258', 'NUH', 'PUNHANA'),
  ('13258038', '13258', 'NUH', 'ROZKA MEO'),
  ('13258071', '13258', 'NUH', 'SADAR NUH'),
  ('13258093', '13258', 'NUH', 'SADAR TAURU'),
  ('13258092', '13258', 'NUH', 'TRAFFIC'),
  ('13258036', '13258', 'NUH', 'WOMEN POLICE STATION, MEWAT'),
  ('13260009', '13260', 'PALWAL', 'BAHIN'),
  ('13260020', '13260', 'PALWAL', 'CAMP PALWAL'),
  ('13260010', '13260', 'PALWAL', 'CHAND HUT'),
  ('13260071', '13260', 'PALWAL', 'CITY PALWAL'),
  ('13260083', '13260', 'PALWAL', 'GADPURI'),
  ('13260041', '13260', 'PALWAL', 'HASSANPUR'),
  ('13260042', '13260', 'PALWAL', 'HATHIN'),
  ('13260051', '13260', 'PALWAL', 'HODAL'),
  ('13260084', '13260', 'PALWAL', 'MUNDKATI'),
  ('13260086', '13260', 'PALWAL', 'PS Cyber Crime, District Palwal'),
  ('13260081', '13260', 'PALWAL', 'SADAR PALWAL'),
  ('13260087', '13260', 'PALWAL', 'Special Task Force  Unit Palwal'),
  ('13260082', '13260', 'PALWAL', 'TRAFFIC'),
  ('13260085', '13260', 'PALWAL', 'UTAWAR'),
  ('13260008', '13260', 'PALWAL', 'WOMEN POLICE STATION, PALWAL'),
  ('13235020', '13235', 'PANCHKULA', 'CHANDIMANDIR'),
  ('13235074', '13235', 'PANCHKULA', 'CYBER CRIME'),
  ('13235045', '13235', 'PANCHKULA', 'KALKA'),
  ('13235051', '13235', 'PANCHKULA', 'MANSA DEVI COMPLEX'),
  ('13235062', '13235', 'PANCHKULA', 'PANCHKULA SECTOR-5'),
  ('13235061', '13235', 'PANCHKULA', 'PINJORE'),
  ('13235065', '13235', 'PANCHKULA', 'RAIPUR RANI'),
  ('13235064', '13235', 'PANCHKULA', 'SECTOR-14, PANCHKULA'),
  ('13235066', '13235', 'PANCHKULA', 'SECTOR-20'),
  ('13235073', '13235', 'PANCHKULA', 'SECTOR-7, PANCHKULA'),
  ('13235071', '13235', 'PANCHKULA', 'TRAFFIC'),
  ('13235019', '13235', 'PANCHKULA', 'WOMEN POLICE STATION, PANCHKULA'),
  ('13234005', '13234', 'PANIPAT', 'BAPOLI'),
  ('13234012', '13234', 'PANIPAT', 'CHANDNIBAGH'),
  ('13234078', '13234', 'PANIPAT', 'Cyber Crime Police Station Panipat'),
  ('13234075', '13234', 'PANIPAT', 'Industrial Sector 29 Panipat'),
  ('13234015', '13234', 'PANIPAT', 'ISRANA'),
  ('13234018', '13234', 'PANIPAT', 'MATLAUDA'),
  ('13234077', '13234', 'PANIPAT', 'Model Town Panipat'),
  ('13234021', '13234', 'PANIPAT', 'Old Industrial Panipat'),
  ('13234025', '13234', 'PANIPAT', 'PANIPAT CITY'),
  ('13234027', '13234', 'PANIPAT', 'PANIPAT SADAR'),
  ('13234074', '13234', 'PANIPAT', 'Quilla Panipat'),
  ('13234071', '13234', 'PANIPAT', 'SAMALKHA'),
  ('13234003', '13234', 'PANIPAT', 'SANOLI'),
  ('13234076', '13234', 'PANIPAT', 'SECTOR 13/17 PANIPAT'),
  ('13234028', '13234', 'PANIPAT', 'Tehsil Camp Panipat'),
  ('13234073', '13234', 'PANIPAT', 'TRAFFIC'),
  ('13234004', '13234', 'PANIPAT', 'WOMEN POLICE STATION, PANIPAT'),
  ('13236005', '13236', 'REWARI', 'BAWAL'),
  ('13236015', '13236', 'REWARI', 'DHARUHERA'),
  ('13236025', '13236', 'REWARI', 'JATUSANA'),
  ('13236029', '13236', 'REWARI', 'KASOLA'),
  ('13236028', '13236', 'REWARI', 'KHOL'),
  ('13236030', '13236', 'REWARI', 'KOSLI'),
  ('13236035', '13236', 'REWARI', 'MODEL TOWN REWARI'),
  ('13236063', '13236', 'REWARI', 'POLICE STATION CYBER CRIME, REWARI'),
  ('13236051', '13236', 'REWARI', 'RAMPURA'),
  ('13236050', '13236', 'REWARI', 'REWARI CITY'),
  ('13236055', '13236', 'REWARI', 'REWARI SADAR'),
  ('13236056', '13236', 'REWARI', 'ROHADAI'),
  ('13236062', '13236', 'REWARI', 'SEC-6, DHARUHERA'),
  ('13236061', '13236', 'REWARI', 'TRAFFIC'),
  ('13236004', '13236', 'REWARI', 'WOMEN POLICE STATION, REWARI'),
  ('13237032', '13237', 'ROHTAK', 'ARYA NAGAR ROHTAK'),
  ('13237081', '13237', 'ROHTAK', 'BAHUAKBARPUR'),
  ('13237082', '13237', 'ROHTAK', 'Cyber Police Station Rohtak'),
  ('13237031', '13237', 'ROHTAK', 'I.M.T. ROHTAK'),
  ('13237036', '13237', 'ROHTAK', 'KALANAUR'),
  ('13237038', '13237', 'ROHTAK', 'LAKHAN MAJRA'),
  ('13237045', '13237', 'ROHTAK', 'MEHAM'),
  ('13237034', '13237', 'ROHTAK', 'P.G.I.M.S. ROHTAK'),
  ('13237033', '13237', 'ROHTAK', 'PURANI SABZI MANDI ROHTAK'),
  ('13237061', '13237', 'ROHTAK', 'ROHTAK CITY'),
  ('13237062', '13237', 'ROHTAK', 'ROHTAK CIVIL LINES'),
  ('13237065', '13237', 'ROHTAK', 'ROHTAK SADAR'),
  ('13237076', '13237', 'ROHTAK', 'SAMPLA'),
  ('13237078', '13237', 'ROHTAK', 'SHIVAJI COLONY'),
  ('13237083', '13237', 'ROHTAK', 'Special Task Force  Unit Rohtak'),
  ('13237079', '13237', 'ROHTAK', 'TRAFFIC'),
  ('13237080', '13237', 'ROHTAK', 'URBAN ESTATE ROHTAK'),
  ('13237030', '13237', 'ROHTAK', 'WOMEN POLICE STATION, ROHTAK'),
  ('13238007', '13238', 'SIRSA', 'BARAGUDHA(Sirsa)'),
  ('13238014', '13238', 'SIRSA', 'CITY MANDI DABWALI(Sirsa)'),
  ('13238075', '13238', 'SIRSA', 'Cyber Crime Police Station Sirsa'),
  ('13238021', '13238', 'SIRSA', 'DABWALI SADAR(Sirsa)'),
  ('13238022', '13238', 'SIRSA', 'DING'),
  ('13238031', '13238', 'SIRSA', 'ELLENABAD'),
  ('13238045', '13238', 'SIRSA', 'KALAN WALI(Sirsa)'),
  ('13238053', '13238', 'SIRSA', 'NATHU SARAI CHOPTA'),
  ('13238055', '13238', 'SIRSA', 'ODHAN(Sirsa)'),
  ('13238074', '13238', 'SIRSA', 'Police Station,Civil Line Sirsa'),
  ('13238061', '13238', 'SIRSA', 'RANIA'),
  ('13238063', '13238', 'SIRSA', 'RORI(Sirsa)'),
  ('13238065', '13238', 'SIRSA', 'SIRSA CITY'),
  ('13238071', '13238', 'SIRSA', 'SIRSA SADAR'),
  ('13238072', '13238', 'SIRSA', 'TRAFFIC'),
  ('13238073', '13238', 'SIRSA', 'Women Police Station Dabwali(Sirsa)'),
  ('13238006', '13238', 'SIRSA', 'WOMEN POLICE STATION, SIRSA'),
  ('13239085', '13239', 'SONIPAT', 'BAHALGARH'),
  ('13239007', '13239', 'SONIPAT', 'BARAUDA'),
  ('13239015', '13239', 'SONIPAT', 'CIVIL LINE SONIPAT'),
  ('13239031', '13239', 'SONIPAT', 'GANNAUR'),
  ('13239035', '13239', 'SONIPAT', 'GOHANA CITY'),
  ('13239037', '13239', 'SONIPAT', 'GOHANA SADAR'),
  ('13239084', '13239', 'SONIPAT', 'HSIDC BARHI'),
  ('13239051', '13239', 'SONIPAT', 'KHARKHODA'),
  ('13239052', '13239', 'SONIPAT', 'KUNDLI'),
  ('13239060', '13239', 'SONIPAT', 'MOOHANA'),
  ('13239061', '13239', 'SONIPAT', 'MURTHAL'),
  ('13239087', '13239', 'SONIPAT', 'PS Cyber Sonipat'),
  ('13239066', '13239', 'SONIPAT', 'RAI'),
  ('13239009', '13239', 'SONIPAT', 'SECTOR-27, SONIPAT'),
  ('13239071', '13239', 'SONIPAT', 'SONIPAT CITY'),
  ('13239076', '13239', 'SONIPAT', 'SONIPAT SADAR'),
  ('13239088', '13239', 'SONIPAT', 'Special Task Force  Unit Sonipat'),
  ('13239077', '13239', 'SONIPAT', 'TRAFFIC'),
  ('13239008', '13239', 'SONIPAT', 'TRAFFIC MURTHAL'),
  ('13239082', '13239', 'SONIPAT', 'WOMEN POLICE STATION'),
  ('13239086', '13239', 'SONIPAT', 'WOMEN PS GOHANA'),
  ('13239083', '13239', 'SONIPAT', 'WOMEN PS KHANPUR KALAN'),
  ('13235072', '13262', 'State Crime Branch', 'Nodal Cyber Crime Police Station, Haryana'),
  ('13240005', '13240', 'YAMUNA NAGAR', 'BILASPUR'),
  ('13240006', '13240', 'YAMUNA NAGAR', 'BURIA'),
  ('13240010', '13240', 'YAMUNA NAGAR', 'CHHACHHRAULI'),
  ('13240012', '13240', 'YAMUNA NAGAR', 'CHHAPAR'),
  ('13240054', '13240', 'YAMUNA NAGAR', 'Cyber Crime Police Station, Yamunanagar'),
  ('13240018', '13240', 'YAMUNA NAGAR', 'FARAKPUR'),
  ('13240053', '13240', 'YAMUNA NAGAR', 'GANDHI NAGAR, YAMUNANAGAR'),
  ('13240035', '13240', 'YAMUNA NAGAR', 'JAGADDHRI SADAR'),
  ('13240030', '13240', 'YAMUNA NAGAR', 'JAGADHRI CITY'),
  ('13240036', '13240', 'YAMUNA NAGAR', 'JATHLANA'),
  ('13240038', '13240', 'YAMUNA NAGAR', 'PRATAP NAGAR'),
  ('13240041', '13240', 'YAMUNA NAGAR', 'RADAUR'),
  ('13240044', '13240', 'YAMUNA NAGAR', 'SADHAURA'),
  ('13240052', '13240', 'YAMUNA NAGAR', 'SEC.17 HUDA, JAGADHRI YAMUNANAGAR'),
  ('13240046', '13240', 'YAMUNA NAGAR', 'TRAFFIC'),
  ('13240004', '13240', 'YAMUNA NAGAR', 'WOMEN POLICE STATION, YAMUNA NAGAR'),
  ('13240050', '13240', 'YAMUNA NAGAR', 'YAMUNA NAGAR CITY'),
  ('13240051', '13240', 'YAMUNA NAGAR', 'YAMUNA NAGAR SADAR') ON CONFLICT (id) DO UPDATE SET district_id = EXCLUDED.district_id, district_name = EXCLUDED.district_name, name = EXCLUDED.name;
